"cod_cuenca","wy_simple","volume_mm","volume_GL"
3414001,2004,7.96690083127861,16.1074656009196
3414001,2003,14.8874111666865,30.0993408017184
3414001,2005,16.2653765975185,32.8853088018775
3414001,1982,22.672349622264,45.838915202617
3414001,1983,43.8147873077157,88.5846572358267
3414001,1984,40.096678692543,81.0673920046282
3414001,1981,8.62052571488369,17.428963200995
3414001,1986,16.0358367727144,32.421225601851
3414001,1987,34.4562188633792,69.6635205876618
3414001,1988,14.1566968873392,28.6219840016341
3414001,1985,14.2193999195652,28.748756878069
3414001,1990,7.00108821278935,14.154787406637
3414001,1991,9.18635746086947,18.5729607952153
3414001,1992,23.3506345340044,47.2102704026953
3414001,1989,11.114499804894,22.471275477145
3414001,1994,9.16640809373865,18.5326272010581
3414001,1995,5.45391409968998,11.0267136006295
3414001,1996,8.15206827465883,16.481836800941
3414001,1997,51.5242441975137,104.171623144409
3414001,1998,17.9543617959298,36.3000960020724
3414001,1999,12.3079940656691,24.8842800014207
3414001,2000,16.5570377563161,33.4749888019111
3414001,2001,11.5073467923135,23.2655328013283
3414001,2002,35.1061746450144,70.9776000040522
3414001,2017,30.5926701366064,61.8522048035312
3414001,2006,6.30133399404254,12.7400256007273
3414001,2007,18.7350064108497,37.8784018637442
3414001,1993,8.34432960116876,16.8705504009631
3414001,2008,4.94080413138482,9.9893088005703
3414001,2009,7.79624074283125,15.7624253446981
3414001,2010,6.39928086231567,12.9380544007386
3414001,2011,8.52453987320533,17.234899200984
3414001,2012,6.45082689744265,13.0422700807446
3414001,2013,10.1501663440866,20.5215878411716
3414001,2014,6.49477649482782,13.1311272967497
3414001,2015,14.4718084054749,29.2590758954979
3414001,2016,33.0681789434676,66.857184003817
3414001,2018,12.2546831066069,24.7764960014145
3414001,2019,9.07119621655168,18.3401280010471
3414001,2020,16.0825716382139,32.5157140678605
3421001,2004,6.94132254494856,6.81341653113169
3421001,1981,7.71362829839462,7.5714911996899
3421001,1982,10.807688165304,10.6085375995655
3421001,1983,12.9115019677613,12.6735849514591
3421001,1984,33.7468809860171,33.1250356535574
3421001,1985,9.0019041616758,8.83602832596502
3421001,1986,11.9056855580625,11.6863024690866
3421001,1987,22.5854548310459,22.169278305755
3421001,1988,13.3999348462087,13.1530175994613
3421001,1989,8.57853206364317,8.42045759965514
3421001,1990,4.81955432143483,4.73074559980625
3421001,1991,5.27770861597164,5.18045759978783
3421001,1992,16.5066769910705,16.2025125841267
3421001,1993,5.85874156472043,5.75078399976447
3421001,1994,5.52284977068538,5.42108159977797
3421001,1995,3.37573013444401,3.31352639986429
3421001,1996,5.34381310688368,5.24534399978517
3421001,1997,74.8979925083192,73.5178659398462
3421001,1998,9.24538283545294,9.07502047913883
3421001,1999,5.65919578456387,5.55491519977249
3421001,2000,8.44130583017864,8.28575999966066
3421001,2001,5.44002110763847,5.3397791997813
3421001,2002,35.7677228789686,35.1086399985621
3421001,2003,9.49351614098581,9.3185814943336
3421001,2017,10.5098157366447,10.3161539916214
3421001,2018,8.87673247101764,8.71316314273266
3421001,2005,14.0258562167207,13.7674052734844
3421001,2006,4.08060997894944,4.00541759983595
3421001,2008,5.59260618447139,5.4895526295802
3421001,2009,2.77612455242965,2.7249695998884
3421001,2010,5.11002678482993,5.01586559979457
3421001,2011,4.80564685197531,4.71709439980681
3421001,2012,2.38706749539744,2.34308159990404
3421001,2013,2.46391066525923,2.41850879990095
3421001,2014,2.9752302227932,2.92040639988039
3421001,2015,4.84129574521016,4.75208639980537
3421001,2016,16.7468142484452,16.438224892342
3421001,2007,8.88333273570679,8.71964178599577
3421001,2019,3.13039376733555,3.07271078460938
3421001,2020,10.6972126861064,10.5000978243821
3430003,1990,4.78680671099103,35.7281505293817
3430003,1981,4.06214185229328,30.3193390360205
3430003,1991,3.26230840609831,24.3494782312228
3430003,1983,11.840938692608,88.3793446364351
3430003,1984,11.9810320822656,89.424984875546
3430003,1985,8.01690067099843,59.8371840030349
3430003,1986,6.29477650439273,46.9834560023829
3430003,1987,7.62372537861975,56.9025708300642
3430003,1988,5.20565343564873,38.8543721904628
3430003,1989,5.22815456512247,39.0223179190992
3430003,2003,6.13949940839994,45.8244864023242
3430003,2014,2.86930403592718,21.4161408010862
3430003,1992,7.50768347607349,56.0364480028422
3430003,1993,2.58298946217692,19.2791232009778
3430003,1994,2.62943136683795,19.6257600009954
3430003,1982,7.26158305406612,54.199584002749
3430003,1996,2.56657505021048,19.1566080009716
3430003,1997,13.2499009687368,98.8956698885421
3430003,1998,7.54987206543837,56.3513385681933
3430003,1999,4.07256626510159,30.3971456015417
3430003,2000,6.08039488856341,45.3833373630622
3430003,2001,3.98753295720348,29.7624672015095
3430003,2002,15.0881784128444,112.616352005712
3430003,2013,3.42770658800684,25.5839904012976
3430003,1995,2.00582699416106,14.9712518407593
3430003,2015,5.12796590817429,38.2745218134904
3430003,2004,2.60768053462009,19.4634144009872
3430003,2017,11.2488266175466,83.9598912042584
3430003,2009,4.20781321166442,31.4066125713153
3430003,2006,1.66783390417791,12.4485120006314
3430003,2007,6.39502249002698,47.7316800024209
3430003,2008,2.03971641393374,15.2241984007722
3430003,2010,2.21512373729581,16.5334176008386
3430003,2011,3.43740905892368,25.6564084792258
3430003,2012,1.99310901893631,14.8763264007545
3430003,2018,4.46863265800538,33.3533376016916
3430003,2019,4.96568374081699,37.0632672018799
3430003,2016,10.7787586054641,80.4513600040804
3430003,2020,5.65480579226727,42.2067914496418
3430003,2005,5.97782092325522,44.617737602263
3820001,2006,4.89006455836497,35.2070496013141
3820001,2005,15.1204877748707,108.863136004063
3820001,2008,7.79947350337836,56.153952002096
3820001,2004,5.59378484472136,40.2736320015033
3820001,2003,12.938920085767,93.1564800034772
3820001,1981,9.6404449300435,69.4084134840674
3820001,1982,18.03048474352,129.814272004845
3820001,1983,37.324020255939,268.72214401003
3820001,1985,12.6053066760245,90.7545600033876
3820001,1986,16.1623696537858,116.364384004343
3820001,1987,64.0215290427724,460.936480829306
3820001,1984,62.5220725346698,450.140827924177
3820001,1989,14.0257590895513,100.981406291909
3820001,1990,9.51350829893817,68.4945064764586
3820001,1991,21.3725680224048,153.876304390521
3820001,1988,13.7647144749912,99.1019606152144
3820001,1993,16.0886417849954,115.833564686414
3820001,1994,7.08520479302327,51.011424001904
3820001,1995,4.52458558205731,32.5757067440731
3820001,1996,2.53003438553591,18.2155153661972
3820001,1997,120.28340373491,866.005696032325
3820001,1998,17.1083676786059,123.175296004598
3820001,1999,8.45313977779101,60.8601600022716
3820001,2000,15.398178936793,110.862432004138
3820001,2001,11.043443896241,79.5096000029677
3820001,2002,51.8063223786477,372.990528013923
3820001,2007,13.6505486900018,98.2800000036684
3820001,2019,3.87490780274791,27.8982147543425
3820001,1992,28.4291829013506,204.681889285188
3820001,2012,2.45672674924702,17.6877216006602
3820001,2009,2.43524588581396,17.5330656006544
3820001,2010,2.72266943893417,19.6024320007317
3820001,2011,3.59204438385477,25.8616800009653
3820001,2016,30.7462802979826,221.364319956733
3820001,2013,2.02910498936767,14.6089686862596
3820001,2014,2.16650523750775,15.5982107082745
3820001,2015,13.0152548528964,93.7060682349932
3820001,2020,17.7829503142737,128.032095752469
3820001,2017,21.6040252080938,155.542729142152
3820001,2018,6.32852637799086,45.5635584017007
4302001,2005,30.9385114490431,14.4602496013264
4302001,2009,13.7120870864469,6.40884750230216
4302001,1981,21.5031155767351,10.0502708075626
4302001,1982,51.9126377552556,24.2632778451743
4302001,1983,29.6680299104754,13.8664433934284
4302001,1984,46.7512041119454,21.850892268516
4302001,1985,21.0708114589023,9.84821760090336
4302001,1986,26.5932481300426,12.4293312011401
4302001,1987,81.9419870511369,38.2985971235131
4302001,1988,21.3871028542401,9.99604800091692
4302001,1989,28.9575771460392,13.5343872012415
4302001,1990,20.858964621347,9.74920320089428
4302001,1991,29.0681220054267,13.5860544012462
4302001,1992,39.6395749716346,18.5270112016995
4302001,1993,24.3708897695803,11.3906304010448
4302001,1994,24.4832832052118,11.4431616010497
4302001,1995,19.4645835605446,9.0974880008345
4302001,1996,17.1252103238411,8.0040960007342
4302001,1997,71.3828016148778,33.3633740037298
4302001,1998,25.0868433488575,11.7252576010755
4302001,1999,23.2743143416764,10.8781056009978
4302001,2000,25.9273909669761,12.1181184011116
4302001,2001,23.5543736426329,11.0090016010098
4302001,2002,54.5500060976137,25.4959488023387
4302001,2003,28.6536712115358,13.3923456012285
4302001,2004,24.9365541002254,11.6550144010691
4302001,2019,12.2752962997201,5.73731055925386
4302001,2020,27.3211330731727,12.7695349622695
4302001,2006,26.8794077326041,12.5630784011524
4302001,2007,25.3739834214934,11.8594630597867
4302001,2010,15.9678503292897,7.46316130103579
4302001,2011,23.076330326496,10.7855705001642
4302001,2012,13.4197466371725,6.27221145657534
4302001,2013,12.4431364131951,5.81575680053347
4302001,2014,20.5785919531764,9.61816073720582
4302001,2015,27.1106646207208,12.6711648011623
4302001,2016,24.6357599357326,11.5144272010562
4302001,2017,15.7733465166493,7.37225280067625
4302001,2018,15.3633014961398,7.18060320065866
4302001,2008,24.2429682934998,11.3308416010394
4311001,1992,116.602473893966,39.4398720015855
4311001,1981,36.9560786840095,12.5001036796465
4311001,1982,235.638153423498,79.7027567199295
4311001,1983,119.554209777772,40.4382735067338
4311001,2007,44.0802206284177,14.9097888005994
4311001,1985,37.9979793344087,12.8525184005167
4311001,1986,43.046717278052,14.5602144005853
4311001,1987,346.800912924163,117.302688004716
4311001,1988,39.0756735101856,13.2170400005313
4311001,1989,29.4310897237887,9.9548352004002
4311001,1990,20.1264943109302,6.80762880027367
4311001,1991,75.1964367986631,25.4346048010225
4311001,2005,87.6107380413172,29.6336448011913
4311001,1993,29.8724871013052,10.1041344004062
4311001,1994,35.9136028294693,12.1474944004883
4311001,1995,16.7000449926388,5.64865920022708
4311001,1996,15.2969224262622,5.174064000208
4311001,1984,339.418746135835,114.805728004615
4311001,1998,38.0268438619894,12.8622816005171
4311001,1999,28.1978336250328,9.53769600038343
4311001,2000,57.5139761150931,19.453651200782
4311001,2001,46.2987022393735,15.6601728006295
4311001,2002,202.450176808189,68.4771840027529
4311001,2003,53.3056301691523,18.0302112007248
4311001,2004,28.3562053692807,9.59126400038558
4311001,2017,55.651830928695,18.8237952007567
4311001,2018,33.576853286922,11.3571072004566
4311001,2006,36.7833702313466,12.4416864005002
4311001,2020,75.0884995919228,25.3980958876532
4311001,2008,72.2788205683421,24.4477440009828
4311001,1997,459.375124871696,155.380032006246
4311001,2010,23.560862216434,7.96927680032037
4311001,2011,29.4068230855571,9.94662720039986
4311001,2012,22.5237827299077,7.61849280030626
4311001,2013,35.1260109062733,11.881097611441
4311001,2014,18.9333420248307,6.40405440025745
4311001,2015,70.4217841478874,23.8196160009576
4311001,2016,61.5281195693511,20.8114037316238
4311001,2019,8.87416016750728,3.00161505532316
4311001,2009,26.5949583102662,8.99553600036163
4313001,2007,72.3671665376521,48.873024001953
4313001,2006,57.6010201568301,38.9007360015546
4313001,2009,34.0867444264965,23.0204160009199
4313001,1981,54.619457561755,36.887143550113
4313001,1982,241.511154003944,163.104084229039
4313001,1984,303.666785413679,205.080768008196
4313001,1985,52.1714996889555,35.233920001408
4313001,1986,58.4505021527464,39.4744320015775
4313001,1987,373.357571928053,252.146304010076
4313001,1988,43.1563720072938,29.1455712011647
4313001,1989,38.7947169339844,26.199936001047
4313001,1990,26.6737346717716,18.0140544007199
4313001,1991,93.9240515243834,63.4314240025349
4313001,1992,149.378338565028,100.882368004032
4313001,1993,41.5836789085289,28.0834560011223
4313001,1994,45.7581664878585,30.9026880012349
4313001,1995,25.8232292035711,17.4396672006969
4313001,1983,143.540708523813,96.9399360038739
4313001,1997,418.162629851217,282.405312011286
4313001,1998,46.50018389393,31.403808001255
4313001,1999,41.3380455603121,27.9175680011157
4313001,2000,70.8447515148504,47.844864001912
4313001,2001,57.1839552010037,38.6190720015433
4313001,2002,233.47705616074,157.678272006301
4313001,2003,73.335627186611,49.5270720019792
4313001,2004,28.7334726437976,19.4050944007755
4313001,2005,100.077678633355,67.587264002701
4313001,2008,111.720955206901,75.4505280030152
4313001,2012,21.9148444181429,14.8001472005914
4313001,2010,27.4843247208869,18.5614848007418
4313001,1996,19.6085775596515,13.2426144005292
4313001,2011,46.6551297460691,31.5084503786328
4313001,2016,137.765522457139,93.0396754194629
4313001,2013,29.5789886846124,19.9761120007983
4313001,2014,18.7500122472126,12.662784000506
4313001,2015,79.7771058755245,53.8773120021531
4313001,2020,88.6092235686026,59.8420653655075
4313001,2017,93.9304482261599,63.4357440025351
4313001,2018,54.8555557543657,37.0465920014805
4313001,2019,15.5120036671129,10.4760012559943
4320001,1981,18.2791703458315,103.637663996728
4320001,1994,22.2921729209424,126.39023999601
4320001,1982,55.016567695266,311.928191990153
4320001,1983,58.884191503131,333.856511989461
4320001,1984,163.308815206324,925.91423997077
4320001,1985,29.3220134993749,166.247423994752
4320001,1986,32.9974752260058,187.086239994094
4320001,1987,110.292156744954,625.324960922785
4320001,1988,24.1932212662188,137.16863999567
4320001,1989,22.0559705213289,125.051039996052
4320001,1990,14.7685931329953,83.7336959973567
4320001,1991,35.9140415009754,203.622335993572
4320001,1992,64.7407919043865,367.061759988412
4320001,1993,23.2909280996952,132.052895995831
4320001,2019,10.514054555699,59.6116799981181
4320001,1995,14.4536058039623,81.947807997413
4320001,1996,9.93634920283779,56.3362559982214
4320001,1997,203.022819956824,1151.08127996366
4320001,1998,27.9887652450404,158.68828799499
4320001,1999,23.3979049284234,132.659423995812
4320001,2000,24.3472861862248,138.042143995642
4320001,2001,24.9668984164367,141.555167995531
4320001,2002,123.520140019818,700.323839977891
4320001,2003,36.9914292205027,209.730815993379
4320001,2004,15.3773857694185,87.1853759972477
4320001,2005,50.4406414658505,285.983999990972
4320001,2006,29.1502714965591,165.273695994782
4320001,2010,8.56927066933284,48.5853119984662
4320001,2020,38.5044461066186,218.309188681963
4320001,2007,35.9212037672862,203.662943993571
4320001,2008,42.4454188219009,240.653375992403
4320001,2014,7.70096017062464,43.6622399986217
4320001,2011,8.6314452364569,48.937823998455
4320001,2012,10.2040960519481,57.8543039981736
4320001,2013,10.5454466165508,59.7896639981125
4320001,2018,14.1268388326776,80.0951327974715
4320001,2015,31.0001453994318,175.761951553162
4320001,2016,65.999522111359,374.198399988187
4320001,2017,23.4926906655586,133.196831995795
4320001,2009,15.6120642825828,88.5159359972056
4501001,2008,101.281871994332,68.0978880022991
4501001,1992,142.219216577436,95.6225244613071
4501001,1981,38.8269235586427,26.1056736008813
4501001,1982,205.654142582663,138.273636664089
4501001,1983,158.003915250381,106.235525793276
4501001,2006,59.1947096872363,39.8001600013437
4501001,1985,51.5873574382742,34.685280001171
4501001,1986,61.1299584181378,41.1013440013876
4501001,1987,356.205473016063,239.498341900822
4501001,1988,63.6598117321749,42.8023163891332
4501001,1989,43.6934444542583,29.3777280009918
4501001,1990,22.9262937975586,15.4147248327057
4501001,1991,105.289867207932,70.79270400239
4501001,2005,118.740231395413,79.8361920026954
4501001,1993,39.0236609960272,26.2379520008858
4501001,1994,38.4299791144359,25.8387840008723
4501001,1995,20.7120445183735,13.9259520004701
4501001,1996,11.3174785011924,7.6094208002569
4501001,1984,241.069539620446,162.085536005472
4501001,1998,44.337242338841,29.8105920010064
4501001,1999,43.5000113687194,29.2476713152731
4501001,2000,94.8927241257778,63.8020800021539
4501001,2001,86.7623664096998,58.3355520019695
4501001,2002,263.901876573074,177.43708800599
4501001,2003,70.4296895373505,47.3541120015988
4501001,2004,35.3227869289645,23.7496320008018
4501001,2018,33.4445640546227,22.4867899104873
4501001,2019,20.1997047647145,13.5814752004585
4501001,2020,84.137808488703,56.5709040166954
4501001,2007,65.9957238694199,44.3728904708823
4501001,2009,37.6859492238701,25.3385280008554
4501001,1997,416.388168341796,279.962784009451
4501001,2011,45.0683131272681,30.3021348180156
4501001,2012,27.5645726607409,18.5333184006257
4501001,2013,41.6772391031398,28.022112000946
4501001,2014,23.8924831697554,16.0643520005423
4501001,2015,80.7600112821826,54.2998080018332
4501001,2016,22.1697301953229,14.9060416652525
4501001,2017,55.8233151885239,37.5333689116437
4501001,2010,25.6184071421266,17.2247943882738
4503001,2008,30.2900382159611,55.6519679977172
4503001,2007,14.9944881003762,27.549412977121
4503001,1981,6.02198472898686,11.0642086032008
4503001,1982,36.5557102831142,67.1639039972451
4503001,1983,46.6427378002475,85.6968265565764
4503001,2009,5.69878016705156,10.4703839995705
4503001,1985,18.4009217848264,33.8080626705199
4503001,1986,10.9857993581017,20.1842384597671
4503001,1987,218.37259107595,401.216543983543
4503001,1988,14.0312334816017,25.7796226970465
4503001,1989,10.0372278592847,18.4414255151505
4503001,1990,6.86588903238724,12.6147162305311
4503001,1991,30.2087782239764,55.5026687977234
4503001,1992,45.1295166456354,82.9165812934467
4503001,1993,21.4191791733308,39.3535150201114
4503001,1994,5.29349368683335,9.72575006856658
4503001,1995,4.82521327340274,8.86537721606666
4503001,1996,1.81781611699092,3.339878399863
4503001,1984,155.786737513854,286.227388317433
4503001,1998,10.1830808474152,18.7094015992326
4503001,1999,10.2936998407203,18.9126421706528
4503001,2000,29.3834814303819,53.9863487977856
4503001,2001,25.9354807751147,47.6513279980454
4503001,2002,107.534198716096,197.57287009479
4503001,2003,19.5828116100613,35.9795519985242
4503001,2004,5.41848335519324,9.95539391959165
4503001,2005,35.3772522975028,64.9987199973339
4503001,2006,10.4934488723567,19.2796415992092
4503001,2012,3.97642573045932,7.30589759970033
4503001,2010,3.41766923464789,6.27929279974243
4503001,2011,9.11130471499099,16.7402244527026
4503001,1997,155.491168092784,285.684337831818
4503001,2016,38.9350573979577,71.5354847970657
4503001,2013,5.79104411628417,10.6399007995636
4503001,2014,3.50645329996451,6.44241599973575
4503001,2015,24.1229785349144,44.321212798182
4503001,2020,29.6571776727003,54.4892116337451
4503001,2017,20.2405566956457,37.1880287984746
4503001,2018,5.61870754867057,10.3232663642655
4503001,2019,5.21268601418226,9.57728191609066
4511002,2008,180.26107467606,102.483836681015
4511002,1981,60.300936246969,34.2828939256703
4511002,1982,420.493204446496,239.063019941569
4511002,1983,244.028748163945,138.737674882107
4511002,1984,581.041472415525,330.339533762015
4511002,1985,65.2274130475312,37.0837439968736
4511002,1986,113.517673689137,64.5382079945591
4511002,1987,722.987585184473,411.040163471785
4511002,1988,81.0997830871938,46.1076632307328
4511002,1989,138.644535768955,78.8235839933548
4511002,1990,45.8743798717806,26.0809631978012
4511002,1991,239.007611770726,135.883007988544
4511002,1992,244.984625715321,139.281119988258
4511002,1993,103.884240840221,59.0613119950208
4511002,1994,77.7403897617449,44.1977471962739
4511002,1995,27.8450432854071,15.8307436786654
4511002,1996,31.8368314847428,18.1001951984741
4511002,1997,601.874514289568,342.183743971152
4511002,1998,45.7584261051971,26.0150399978068
4511002,1999,74.77270279734,42.5105279964161
4511002,2000,199.052952829121,113.167583990459
4511002,2001,165.260712281955,93.9556799920791
4511002,2002,452.449165674706,257.230943978314
4511002,2003,108.79593905251,61.8537599947854
4511002,2004,67.6423819921932,38.4567263967579
4511002,2005,254.994946298347,144.972287987778
4511002,2006,100.390430756666,57.0749759951882
4511002,2007,102.707986379729,58.3925759950772
4511002,2012,31.748080502194,18.0497375984783
4511002,2013,44.5877945665444,25.3495007978629
4511002,2009,75.7605133907768,43.0721279963688
4511002,2010,42.2062686218229,23.9955317481995
4511002,2016,141.546166065984,80.4732479932157
4511002,2017,93.4261211423903,53.1155567451473
4511002,2014,101.31328400469,57.5996457927083
4511002,2015,159.253304165255,90.5402879923669
4511002,2020,159.050021315411,90.4247155848418
4511002,2018,85.4647337134945,48.5892688014883
4511002,2019,23.563993750141,13.3968383988706
4511002,2011,60.2128305626652,34.232803197114
4513001,1982,317.169807208501,408.073248104613
4513001,1981,24.347374479045,31.3255296080306
4513001,1994,31.5761602194143,40.6261440104148
4513001,1983,275.427306639845,354.367008090845
4513001,1984,466.961319987522,600.79622415402
4513001,1985,54.5304390103805,70.1593053997986
4513001,1995,33.7895754097595,43.4739419583906
4513001,1987,562.019523422137,723.098880185373
4513001,1988,45.0285067892624,57.9340422864261
4513001,1989,101.832629846078,131.018688033588
4513001,1990,25.2796639504006,32.525020808338
4513001,1991,193.083240323416,248.422464063685
4513001,1992,224.629853084255,289.01059207409
4513001,1993,73.9666902772721,95.1661440243965
4513001,2007,73.6020477771308,94.6969920242763
4513001,2018,30.1123522602838,38.742796809932
4513001,1996,15.8996083351647,20.4565651252442
4513001,1997,531.435611321796,683.749370658044
4513001,1998,30.5923641554973,39.3603840100904
4513001,1986,83.4245631538642,107.334720027516
4513001,2000,169.151813477129,217.632096055792
4513001,2001,122.525252312657,157.641984040413
4513001,2002,344.021060188516,442.62028811347
4513001,2003,62.5546559358347,80.4833280206325
4513001,2004,47.3477877669605,60.9180480156168
4513001,2005,182.012344821889,234.178560060034
4513001,2006,62.9918240161146,81.0457920207767
4513001,2017,80.7458845740972,103.888310426633
4513001,1999,53.6850460981447,69.0716160177072
4513001,2019,12.2652008647388,15.7805069769431
4513001,2008,145.194196838014,186.80803204789
4513001,2012,22.2307691453521,28.6022880073325
4513001,2013,26.8107595311042,34.4949408088431
4513001,2010,37.4974037645258,48.2444640123679
4513001,2011,53.7424354819377,69.1454536646675
4513001,2016,115.67225652271,148.824864038152
4513001,2014,30.4703456372033,39.203393994151
4513001,2015,140.833710252085,181.197794616725
4513001,2020,122.012010239946,156.98164262419
4513001,2009,62.519064678915,80.4375360206209
4515002,2010,8.3226063048172,5.32775325689067
4515002,2009,11.3224243249854,7.24810003789601
4515002,2008,35.4757850597824,22.7099808005589
4515002,2012,4.65611639130641,2.98063351307227
4515002,1981,3.72501619209878,2.38458560005869
4515002,1982,98.1330665054653,62.8203168015461
4515002,2007,15.0317480414069,9.62264003020438
4515002,1984,108.157528816577,69.2375207122598
4515002,1985,27.3485921934141,17.5073223210739
4515002,1986,8.76748449662149,5.61254400013814
4515002,1987,251.026874810003,160.695964803955
4515002,1988,20.9036418404925,13.3815588311679
4515002,1989,12.9139674931371,8.26693344020346
4515002,1990,12.4344732347115,7.9599830687184
4515002,1991,58.6765519545598,37.5620544009245
4515002,1992,76.8881576823532,49.2202944012114
4515002,1993,22.2257602136214,14.227918758629
4515002,1994,12.9443452563551,8.28637989976123
4515002,1995,2.49672854185662,1.598291825092
4515002,1983,110.814471613502,70.938374401746
4515002,1997,120.372177759037,77.0567822874829
4515002,1998,5.15832035062157,3.30212160008127
4515002,1999,7.05865699760407,4.51863051439693
4515002,2000,69.1554235111745,44.2701504010896
4515002,2001,43.7432152143476,28.0024128006892
4515002,2002,196.450444538464,125.758621443095
4515002,2003,21.7601245068934,13.9298400003428
4515002,2004,7.1310043623614,4.56494400011235
4515002,2005,60.1750953715238,38.5213536009481
4515002,2006,11.5704154860403,7.40685267710537
4515002,2011,11.0748837137408,7.08963582014155
4515002,2014,0.864331445756835,0.553305600013618
4515002,1996,0.498434732851342,0.319075200007853
4515002,2016,15.4678119698195,9.90178828373506
4515002,2013,2.70148887294628,1.72937005718542
4515002,2018,2.46558507980728,1.57835520003884
4515002,2015,37.5712167134376,24.0513806467695
4515002,2020,37.3109228850817,23.8847524006432
4515002,2017,20.7111715535603,13.2583481252302
4515002,2019,2.4020079936437,1.53765604697719
4522002,2009,9.42410100440364,7.73298486405109
4522002,2013,0.194069025942994,0.1592441379286
4522002,1981,2.43799349997826,2.00050559996941
4522002,1982,45.383058055602,37.2392550614996
4522002,1983,68.5264229829341,56.2296383991404
4522002,1984,244.337405918397,200.492063996935
4522002,1985,8.57419198152806,7.03558851752995
4522002,1986,37.4818368764136,30.7558755054408
4522002,1987,217.984068974888,178.86772491078
4522002,1988,18.2106157750666,14.9427957200201
4522002,1989,3.30910382056231,2.71529875857918
4522002,1990,1.19587835349829,0.981282904600382
4522002,1991,28.295213150564,23.217753599645
4522002,1992,73.2731024549993,60.1245457749028
4522002,1993,5.41034038173913,4.43947706649188
4522002,1994,15.901893136097,13.0483638570656
4522002,1995,7.81916401359804,6.41604721112737
4522002,1996,1.58047345748785,1.29686399998017
4522002,1997,151.819780230407,124.576345482366
4522002,1998,6.30599433014591,5.17440959992089
4522002,1999,7.95948214151827,6.53118582847157
4522002,2000,42.3101484029657,34.7177663994692
4522002,2001,33.783699424485,27.7213535995762
4522002,2002,176.978279987409,145.22025599778
4522002,2003,12.5692173106043,10.3137229928302
4522002,2004,4.05068713587993,3.32380799994918
4522002,2005,41.8499052662115,34.340111999475
4522002,2006,2.82642565085586,2.31923519996454
4522002,2007,6.84078611499473,5.61323519991418
4522002,2008,16.8614352394009,13.8357200789272
4522002,2014,4.02031633765822,3.29888711647734
4522002,2015,18.1732818324668,14.912161199772
4522002,2010,1.30358208895443,1.06965964798365
4522002,2011,5.51940879390629,4.5289736009667
4522002,2018,4.61879176068112,3.78996858786438
4522002,2019,1.91222676679435,1.56908554326236
4522002,2016,24.7799495677371,20.3332895996891
4522002,2017,20.0377784359374,16.4420815610856
4522002,2020,31.5801596685346,25.9132299841632
4522002,2012,2.38065609704914,1.95345715802384
4531002,1983,88.0485019063954,66.3070672410262
4531002,2011,20.2307486001497,15.2352575991868
4531002,1981,12.0208671224525,9.05260654441642
4531002,1982,207.018193291787,155.90008876366
4531002,1996,4.71432722692589,3.55023885317543
4531002,1985,38.0361377468158,28.6440392347421
4531002,1986,45.847883575491,34.52686454939
4531002,1987,417.295506201885,314.254536874712
4531002,1984,170.209560981908,128.180452372616
4531002,1989,35.6446927659409,26.843103390102
4531002,1990,2.90061048365991,2.18437531832774
4531002,1991,83.2748288674305,62.7121365797661
4531002,1992,126.494806850579,95.2599928661905
4531002,1993,32.1722756868035,24.2281151987069
4531002,1994,15.7843949177168,11.8868227454979
4531002,1995,5.82771041650335,4.38869916105011
4531002,2009,16.4567148051815,12.3931295993385
4531002,1997,272.284591330253,205.050538227488
4531002,1998,4.12327103077559,3.10512959983427
4531002,1999,25.1439691926117,18.9352779418465
4531002,2000,108.558972102321,81.7529759956365
4531002,1988,22.0680963667427,16.6189170512709
4531002,2002,170.78939911843,128.617113593135
4531002,2003,6.88527405798534,5.18512319972325
4531002,2004,12.6463116922925,9.52361279949168
4531002,2005,59.1388055334217,44.5359167976229
4531002,2006,15.3461312169374,11.5567775993832
4531002,2007,7.989891701334,6.01698239967885
4531002,2008,44.5334394185287,33.5369903867049
4531002,2012,3.03514970646418,2.28569335440883
4531002,2001,52.5288827783068,39.5581535978886
4531002,2010,6.21330214927189,4.67907839975026
4531002,2015,51.7659272605965,38.9835913768469
4531002,2016,5.9364708331485,4.47060383976138
4531002,2017,39.9399815490086,30.0777751447819
4531002,2014,40.3610787164113,30.3948926151468
4531002,2019,0.131709706539703,0.099187199994706
4531002,2020,55.3133458398704,41.6550612732687
4531002,2018,0.817678639815732,0.615772799967133
4531002,2013,2.90851286627874,2.19032639988309
4703002,2010,59.6593772612081,67.5120960093792
4703002,2011,93.739106505648,106.077600014737
4703002,1981,62.6095536614348,70.850592009843
4703002,1982,573.383388556891,648.855488533674
4703002,2013,72.1502897632028,81.6471360113429
4703002,1984,411.541827234438,465.711387339481
4703002,1985,79.4114976273788,89.8641068376384
4703002,1986,239.092556957497,270.563328037588
4703002,1983,267.477130854677,302.684046793025
4703002,1988,73.293254067328,82.9405440115227
4703002,1989,192.024874621894,217.300320030189
4703002,1990,77.1886474405051,87.3486720121351
4703002,1991,303.532227811309,343.484928047719
4703002,1992,261.768602269798,296.224128041153
4703002,1993,150.067319265254,169.820064023592
4703002,1994,101.819260968277,115.221312016007
4703002,1995,57.9903592459661,65.6233920091168
4703002,1996,32.3549754949285,36.6137280050866
4703002,1997,576.38842368465,652.256064090616
4703002,1998,53.1367693452827,60.1309440083538
4703002,1999,132.883916039711,150.374880020891
4703002,1987,688.748609958706,779.405760108281
4703002,2001,268.215623368016,303.519744042167
4703002,2002,480.000724546397,543.181248075462
4703002,2003,171.26064134535,193.802976026924
4703002,2004,94.5239878046732,106.96579201486
4703002,2005,405.601154328983,458.988768063766
4703002,2006,247.374276267347,279.93513603889
4703002,2007,140.198276783544,158.652000022041
4703002,2008,255.919404184359,289.605024040234
4703002,2009,167.556887277675,189.611712026342
4703002,2012,51.9434138293526,58.7805120081662
4703002,2016,213.528179004912,241.634016033569
4703002,2014,43.8762389212793,49.6514880068978
4703002,2000,263.330729835756,297.991872041399
4703002,2015,218.282513488404,247.014144034317
4703002,2020,192.981106801185,218.382417123039
4703002,2017,85.0766281453863,96.2749152133751
4703002,2018,69.0188577011197,78.1035264108506
4703002,2019,21.7611394167544,24.6254688034211
5100001,1985,30.6747085578641,7.39495777332666
5100001,1981,28.1267395519684,6.7807017920253
5100001,1982,270.60190258748,65.2358159896273
5100001,1983,153.733388118277,37.0615391941071
5100001,1984,262.051052930453,63.1744052994328
5100001,1998,29.0050351292571,6.99243839888818
5100001,1986,72.4347687761381,17.4623356375099
5100001,1987,487.760965017918,117.587807981303
5100001,1988,26.6543410143593,6.42574079897829
5100001,1989,67.7353996535239,16.3294271974036
5100001,1990,22.3360495623299,5.38470130937936
5100001,1991,124.885328750923,30.1069439952129
5100001,1992,150.650001064851,36.3182063922358
5100001,1993,41.7835072540753,10.0730303983984
5100001,1994,19.4721623190471,4.6942847992536
5100001,1995,10.4998148321638,2.53126079959752
5100001,1996,9.28773257929223,2.23905599964399
5100001,1997,325.019456566628,78.3546207875414
5100001,2002,218.12928971377,52.5858911916387
5100001,1999,69.0625257866945,16.6493663973527
5100001,2000,137.72436914917,33.2021375947208
5100001,2001,108.870933899559,26.2462463958268
5100001,2006,72.4160011385926,17.4578111972242
5100001,2003,35.825954536901,8.63680319862673
5100001,2004,59.2176397851887,14.2759936845519
5100001,2005,150.382410718959,36.2536965924218
5100001,2010,27.0193069023624,6.51372557397285
5100001,2007,44.938240254884,10.8335630464296
5100001,2008,82.7673907196533,19.9532901258275
5100001,2009,63.6017045900641,15.332889597562
5100001,2012,15.8570606973098,3.82276799939217
5100001,2014,39.1542501623323,9.43917775292066
5100001,2015,68.8952590501849,16.6090422830734
5100001,2011,44.8843613507374,10.8205740975604
5100001,2017,32.4631609890908,7.82611199875562
5100001,2018,9.42822230227438,2.2729247996386
5100001,2019,28.5885834504171,6.89204159890414
5100001,2016,60.7906697677856,14.6552145751282
5100001,2020,87.27611616828,21.0402388165126
5100001,2013,15.4929666372144,3.73499340179997
5101001,2012,4.76876082006715,0.386899199993346
5101001,1983,88.9297263446465,7.21504836929239
5101001,2010,21.3571903185455,1.7327519999702
5101001,1981,21.3102702528256,1.72894528024246
5101001,1982,209.349634690699,16.9849588261778
5101001,1996,9.68767690490193,0.785980799986482
5101001,1985,47.666179898681,3.86725347849987
5101001,1986,34.4856591416335,2.79789119995188
5101001,1987,172.954840864494,14.0321756721082
5101001,1984,325.9624477674,26.4459919521197
5101001,1989,56.9632712116104,4.62154528028221
5101001,1990,12.0624729363333,0.978652799983168
5101001,1991,99.1560317524743,8.04472918795011
5101001,1992,124.98029697255,10.1399039998256
5101001,1993,30.492435807349,2.47391292305275
5101001,1994,9.31708093228395,0.755913599987
5101001,1995,63.3459129861717,5.13938190275033
5101001,2009,37.4770501964724,3.04058879994771
5101001,1997,261.006788463994,21.1760080783691
5101001,1998,4.7026347501501,0.381534258341847
5101001,1999,42.2916030476389,3.43120319994099
5101001,2000,143.401472645959,11.6344511997999
5101001,1988,9.83570230775796,0.797990399986275
5101001,2002,240.145125325503,19.4834591996649
5101001,2003,15.0421497506584,1.22039999997901
5101001,2004,55.032437002816,4.46489279992321
5101001,2005,190.668111311064,15.4692890907987
5101001,2006,36.1462258882151,2.93261633506129
5101001,2007,36.5975922804977,2.9692366023943
5101001,2008,58.9620322297137,4.78370879991773
5101001,2013,3.85079033616856,0.312422399994627
5101001,2001,101.808464305324,8.25992639985794
5101001,2015,24.2644518278763,1.96862399996615
5101001,2011,46.0981315146323,3.74003454506408
5101001,2017,33.696728912172,2.73388369650471
5101001,2018,11.6130720729862,0.942191999983796
5101001,2019,5.67085054607622,0.460087562019481
5101001,2016,46.5747553518617,3.77870399993501
5101001,2020,67.0861082817065,5.44283150365544
5101001,2014,6.01047031452858,0.487641599991613
5200001,2012,11.6793798670354,4.06474045731988
5200001,2011,41.3870442587208,14.4038121135289
5200001,2013,9.58741949520196,3.33668160014531
5200001,1981,30.4625098046286,10.6017783002213
5200001,1982,269.32014594823,93.730703656352
5200001,1983,122.986235946186,42.8025404289585
5200001,1985,53.3945236874079,18.582740102846
5200001,1986,85.8543125561563,29.8796256013013
5200001,1987,217.215485314185,75.5968708240202
5200001,1984,300.541855436093,104.596704004555
5200001,1989,55.4500852846868,19.2981312008404
5200001,1990,28.4266156373314,9.89323200043084
5200001,1991,97.153709182794,33.8121216014726
5200001,1992,114.098956146309,39.7095264017293
5200001,1993,50.5159864611249,17.5809312007656
5200001,1994,24.5947758717123,8.55964800037277
5200001,1995,17.4904183354169,6.08713920026509
5200001,1996,10.7547217678253,3.742934400163
5200001,1997,253.867142489281,88.3526400038477
5200001,1998,25.5892915893068,8.90576640038784
5200001,1999,69.6704684148733,24.247209601056
5200001,2000,118.415144430407,41.2116768017948
5200001,1988,26.3278548094374,9.16280640039904
5200001,2002,189.416764437328,65.9221632028709
5200001,2003,41.6867424530755,14.5081152006318
5200001,2004,34.8321310006293,12.1225248005279
5200001,2005,118.503027247189,41.2422624017961
5200001,2006,67.3209684769516,23.4295200010204
5200001,2007,38.5431086361339,13.4140455065047
5200001,2008,85.8949289006959,29.8937611890429
5200001,2009,46.3730812451449,16.1390880007028
5200001,2010,14.9213621039817,5.19303806476576
5200001,2016,45.1017594803419,15.6966336006836
5200001,2014,35.9535975331391,12.5128255218093
5200001,2015,67.257166544994,23.4073152010194
5200001,2001,97.6666072038999,33.9906240014803
5200001,2020,73.277467380275,25.5025429142194
5200001,2017,22.0781992792873,7.68381120033462
5200001,2018,13.5662271352134,4.72141440020562
5200001,2019,5.86756956865816,2.04207309663588
5401003,2012,327.870487776162,112.491071988899
5401003,1981,371.272443695778,127.38211198743
5401003,1982,699.43504791445,239.97340797632
5401003,1983,474.973444055958,162.961516452775
5401003,1984,444.724619516106,152.583263984943
5401003,1985,418.642734363184,143.634671995942
5401003,1986,490.240536878539,168.199595821903
5401003,1987,617.146349708168,211.740479979106
5401003,1988,363.078073834308,124.570655987707
5401003,1989,366.147814725867,125.623871987604
5401003,1990,285.232816495374,97.86225503737
5401003,1991,427.583176304662,146.702102385523
5401003,1992,439.705756844345,150.861311985113
5401003,1993,388.793680193481,133.393579166334
5401003,1994,376.135175165507,129.050495987265
5401003,1995,327.05709457848,112.211999988927
5401003,1996,238.610631550652,81.8663671535022
5401003,1997,473.744877132448,162.539999983961
5401003,1998,304.234238384719,104.3815679897
5401003,1999,349.99423467708,120.081642345431
5401003,2000,528.164155776075,181.211039982118
5401003,2001,477.386259683058,163.789343983837
5401003,2002,611.863071291031,209.927807979285
5401003,2003,419.557277046675,143.948447985795
5401003,2004,290.144656523956,99.5474879901767
5401003,2005,631.120092290004,216.534815978633
5401003,2006,555.376313343082,190.547423981197
5401003,2007,343.642643120321,117.902436318376
5401003,2008,405.236035460112,139.034886447483
5401003,2009,399.663140013605,137.122847986469
5401003,2010,278.966166107526,95.7121919905552
5401003,2011,319.862468059053,109.743551989171
5401003,2016,350.602771084444,120.29042878813
5401003,2017,269.605093247648,92.5004447908721
5401003,2013,299.587757970955,102.787378874769
5401003,2014,248.821729293478,85.369754539982
5401003,2020,391.566493909451,134.344920622684
5401003,2018,260.167465733871,89.2624319911916
5401003,2019,247.364707167273,84.8698559916251
5401003,2015,298.00661801981,102.244895989911
5410002,1986,614.237196939442,1298.1427197196
5410002,1985,314.657157326787,665.003519856357
5410002,1981,221.888731304811,468.944639898706
5410002,1983,541.889107951654,1145.24063975262
5410002,1984,634.702503684816,1341.39455971025
5410002,1998,172.792435893727,365.183423921119
5410002,1982,868.405701738625,1835.30815960357
5410002,1987,854.293691563558,1805.48351961001
5410002,1988,211.31185523377,446.591231903534
5410002,1989,343.327392285896,725.595839843268
5410002,1999,303.89713188655,642.263039861268
5410002,1991,494.384740316568,1044.84383977431
5410002,1992,413.96254409304,874.877759811023
5410002,1993,295.831200961936,625.216319864951
5410002,1994,290.545215819753,614.044799867364
5410002,1995,228.610885496065,483.151391895637
5410002,1996,111.727247442605,236.126879948996
5410002,1997,658.11537059068,1390.87583969957
5410002,2011,205.052282129735,433.362109189958
5410002,1990,191.758615994368,405.26697591246
5410002,2000,533.434802248611,1127.37311975648
5410002,2001,435.441713417888,920.272319801218
5410002,2002,693.612825338997,1465.89695968336
5410002,2007,307.032747202911,648.889919859837
5410002,2004,231.446839009701,489.144959894342
5410002,2005,747.911707518791,1580.65343965857
5410002,2006,508.525670406909,1074.72959976785
5410002,2016,363.17947569691,767.551679834206
5410002,2008,507.098904115631,1071.7142397685
5410002,2009,350.109642363917,739.929599840172
5410002,2010,129.809568310655,274.342463940741
5410002,2020,364.757688544111,770.887110394209
5410002,2003,316.913819197231,669.772799855327
5410002,2014,192.973762435537,407.835093756603
5410002,2012,210.233258825527,444.311701972992
5410002,2017,190.535848665654,402.682751913019
5410002,2018,159.548855949333,337.194143927165
5410002,2015,341.974212794742,722.735999843886
5410002,2019,112.586291570932,237.942403148604
5410002,2013,213.961797669318,452.191679902325
5411001,2014,21.6614361274934,3.92018108269277
5411001,2013,33.3832370777336,6.04153545964926
5411001,2012,28.9441592431716,5.23817279942548
5411001,2011,24.3309108428422,4.40328959951705
5411001,2016,41.5548669265022,7.52039718236078
5411001,1981,23.7642208033937,4.30073279952829
5411001,1982,194.467501174914,35.19378008076
5411001,1984,257.702176085789,46.6376831948848
5411001,1985,35.5907767086353,6.44104521742435
5411001,1986,72.3494510740094,13.093450857746
5411001,1983,89.1859995880597,16.1404473077573
5411001,1988,27.0445302061323,4.89438719946318
5411001,1989,81.2472150744954,14.7037247983873
5411001,1990,23.8981809340462,4.324976250744
5411001,1991,88.4052725835109,15.9991551415331
5411001,1992,118.479275821312,21.4418015976483
5411001,1993,44.883967966343,8.12288165485577
5411001,1994,36.9117161668078,6.68010239926733
5411001,1995,27.5988074898726,4.99469759945218
5411001,1996,13.1104955362702,2.37267355144479
5411001,1997,221.320879501172,40.0535735451173
5411001,1998,15.7870826760293,2.85706924015653
5411001,1999,62.9975997013204,11.4009983987495
5411001,1987,229.148057976309,41.4700981378774
5411001,2001,87.3795938080387,15.8135327982656
5411001,2002,159.267591078534,28.8234719968386
5411001,2003,27.4508092487361,4.96791359945512
5411001,2004,53.4841772783293,9.67930559893838
5411001,2005,141.142103262441,25.5432095971984
5411001,2006,86.2033531501153,15.6006624996969
5411001,2007,46.8945399381619,8.48674516616344
5411001,2008,86.6462863938914,15.6808223982801
5411001,2009,108.215836505335,19.584374397852
5411001,2010,42.9295156168907,7.76917439914787
5411001,2015,67.1205442511749,12.1471487986677
5411001,2018,51.663170047652,9.34974859010796
5411001,2000,163.586752651314,29.6051327967529
5411001,2020,73.9973416112723,13.3916780515712
5411001,2017,23.1937114544965,4.19748479953962
5411001,2019,10.0292063051316,1.81503685168402
5414001,2013,77.0966331538142,68.2516799978034
5414001,2017,69.3044029017302,61.3534175980254
5414001,1981,74.1247114167843,65.6207135978881
5414001,1982,563.499935518627,498.852099041338
5414001,1983,244.125057775956,216.117677791815
5414001,1984,456.122858509739,403.793915573211
5414001,1985,107.39355861745,95.0727742151852
5414001,1986,287.747726345192,254.735711991801
5414001,1987,710.308912117383,628.818335979761
5414001,1988,59.7439128870275,52.8897599982978
5414001,1989,161.717007620151,143.163935995392
5414001,1990,73.4238716926745,65.0002780921733
5414001,1991,284.450904688207,251.817119991896
5414001,1992,250.521359127192,221.780159992862
5414001,1993,145.222163681515,128.561471995862
5414001,1994,106.28394768129,94.0904639969718
5414001,1995,64.6950011836196,57.2728319981567
5414001,1996,26.5388714374532,23.494184982607
5414001,1997,601.921752277774,532.86595198285
5414001,1998,39.5140374264001,34.9807679988742
5414001,1999,147.456155621373,130.539167995799
5414001,2000,316.6842169633,280.352447990977
5414001,2001,242.059712067966,214.289279993103
5414001,2002,433.612077312171,383.865695987646
5414001,2003,148.478873032372,131.44455359577
5414001,2004,85.4499477074378,75.6466559975654
5414001,2005,456.60784755548,404.223263986991
5414001,2006,337.968138424385,299.194559990371
5414001,2007,115.067187244586,101.866041625921
5414001,2008,284.520325893539,251.878576811701
5414001,2009,166.928679511301,147.777695995244
5414001,2010,52.7647620080741,46.7112959984967
5414001,2011,102.627083473664,90.8531355238026
5414001,2012,55.0203714721092,48.7081294403955
5414001,2018,65.2356877431135,57.7514879981413
5414001,2019,21.9472872634094,19.4293727993747
5414001,2014,35.1840554952625,31.1475455989975
5414001,2015,208.321772708228,184.421944069729
5414001,2020,195.192732133744,172.799139813412
5414001,2016,182.634290240953,161.681471994796
5707002,1987,638.995995710279,1062.52104130445
5707002,2015,329.929164563104,548.605440161851
5707002,1981,375.232448400251,623.935634154149
5707002,1982,792.826045812759,1318.3092874219
5707002,1983,633.022154427963,1052.5877520468
5707002,1985,422.574953339722,702.6566402073
5707002,1986,575.458691038792,956.871360282298
5707002,2000,536.719124195585,892.455299495914
5707002,1984,536.600334571506,892.257776387915
5707002,1989,522.256210316203,868.4064002562
5707002,1990,375.342748068861,624.119040184129
5707002,1991,580.358577680204,965.018880284702
5707002,1988,426.778567648207,709.646400209361
5707002,1993,479.664088577451,797.584320235306
5707002,1994,453.985149254172,754.885440222707
5707002,1995,390.863385818483,649.926720191743
5707002,1996,235.242882166039,391.161312115402
5707002,1997,605.071049436883,1006.11072029683
5707002,1998,300.680530518035,499.970880147502
5707002,1999,361.619947835599,601.300800177397
5707002,2013,307.454036290621,511.233849641967
5707002,2001,549.327694305332,913.42080026948
5707002,2002,697.794779146291,1160.29152034231
5707002,2003,428.914149206658,713.197440210409
5707002,2004,321.225760401532,534.133440157582
5707002,1992,519.928374456868,864.535680255057
5707002,2006,442.869815431906,736.402889241847
5707002,2007,334.590032343958,556.355520164137
5707002,2008,476.103196897243,791.66327791043
5707002,2009,255.823911503625,425.383399373684
5707002,2010,298.177027705264,495.808061548653
5707002,2011,336.707427684758,559.876320165176
5707002,2012,294.055551230868,488.954880144253
5707002,2016,343.683141169482,571.475520168598
5707002,2005,683.193844403594,1136.01312033515
5707002,2014,254.947389187838,423.925920125068
5707002,2019,209.367167967776,348.135235302708
5707002,2020,427.264109194812,710.453757553004
5707002,2018,235.402769642108,391.427172635195
5707002,2017,277.466083489583,461.369952136114
5710001,2014,321.788944244678,1557.15175641754
5710001,2015,495.526821946297,2397.87747511602
5710001,1981,396.368278802732,1918.04464561271
5710001,1982,1299.52972584674,6288.48514317015
5710001,2017,359.800117065176,1741.08960008666
5710001,1984,726.087462171292,3513.57120017489
5710001,1985,542.234658222749,2623.8988801306
5710001,1986,789.905650684953,3822.39040019026
5710001,1983,706.077041878403,3416.73984017007
5710001,1988,439.844774029416,2128.42944010594
5710001,1989,559.90551031115,2709.40896013486
5710001,1990,374.949609996521,1814.39870516562
5710001,1987,794.811918368739,3846.13205905674
5710001,1992,653.964484351136,3164.56473615751
5710001,1993,529.722849609755,2563.35365287485
5710001,1994,549.080171702281,2657.02464013225
5710001,1995,474.18839734157,2294.61984011422
5710001,1996,224.200386570514,1084.916160054
5710001,1997,832.717255774136,4029.55776020057
5710001,1998,292.33056480525,1414.60128007041
5710001,1999,400.519673772063,1938.13344009647
5710001,2000,764.785265331842,3700.83168018421
5710001,2001,651.116531725311,3150.78336015683
5710001,2002,898.161955558797,4346.24772435427
5710001,2003,479.539467737542,2320.5139201155
5710001,1991,705.536042769299,3414.12192016993
5710001,2005,998.22370269607,4830.45120024044
5710001,2006,609.396645777085,2948.89888014678
5710001,2007,379.337459681433,1835.63171508084
5710001,2008,641.374976810254,3103.64352015448
5710001,2009,517.021957167853,2501.89344012453
5710001,2010,310.115687332537,1500.6643200747
5710001,2011,289.084570150637,1398.89376006963
5710001,2012,368.906042663927,1785.15360008886
5710001,2013,363.751374584791,1760.20992008761
5710001,2016,483.27289723303,2338.5801601164
5710001,2020,533.837086751177,2583.26263889088
5710001,2018,306.030519142352,1480.89600007371
5710001,2004,375.276619631838,1815.98112009039
5710001,2019,230.956947655275,1117.61147525563
5721001,1989,251.682690930788,27.6737472019921
5721001,1981,177.954024134672,19.5669184053439
5721001,1982,473.032949006686,52.0122945309087
5721001,1983,245.643871703146,27.0097493875764
5721001,1984,406.585708940079,44.7060943425969
5721001,1985,197.489116298478,21.7148976728472
5721001,1986,456.682189220885,50.2144482380257
5721001,1987,553.356492630351,60.8442624043798
5721001,1988,179.525606511019,19.739721601421
5721001,2002,349.977849990805,38.4817824027701
5721001,1990,143.067927065266,15.7310208011324
5721001,1991,343.328607939164,37.7506656027175
5721001,1992,324.101438976556,35.6365440025653
5721001,1993,238.094002670874,26.1796042304559
5721001,1994,211.685873432496,23.2759008016755
5721001,1995,170.302945915403,18.725644801348
5721001,1996,93.8185894584805,10.3158144007426
5721001,1997,393.471373602286,43.2641088031144
5721001,1998,114.038980112565,12.5391456009026
5721001,1999,168.521590239313,18.5297760013339
5721001,2000,359.800058173918,39.5617824028478
5721001,2001,218.793223273797,24.0573888017318
5721001,2006,291.375412863732,32.0381568023063
5721001,2003,112.367633168127,12.3553728008894
5721001,2004,185.140766485141,20.3571360014654
5721001,2005,423.492756469808,46.565107203352
5721001,2010,107.930352399323,11.8674720008543
5721001,2007,206.332377084372,22.6872576016331
5721001,2008,232.263006687791,25.5384576018384
5721001,2009,187.756616968468,20.6447616014861
5721001,2014,109.003723309574,11.9854944008628
5721001,2011,126.162728117146,13.8722112009986
5721001,2012,201.311264261164,22.1351616015934
5721001,2013,171.079695220929,18.8110522000092
5721001,2016,133.448281399455,14.6732935440697
5721001,2018,111.708366554876,12.2828832008842
5721001,2019,62.3293758000737,6.85342080049334
5721001,2015,233.275261636014,25.6497600018464
5721001,2020,229.449503741655,25.2290991433942
5721001,2017,155.571205194042,17.1058176012314
5722001,2016,108.437094589511,23.4733988592129
5722001,1987,460.182265059817,99.615744008785
5722001,2014,44.6867249480442,9.67334400085307
5722001,1981,69.8730986922066,15.1254432013339
5722001,1982,519.836408599783,112.529088009924
5722001,1983,221.422003681466,47.9312640042269
5722001,1985,68.6868808774015,14.8686624013112
5722001,1986,210.267085953278,45.516556804014
5722001,2000,224.077822436417,48.5061696042776
5722001,1984,267.601878308241,57.9278304051085
5722001,1989,148.870734889212,32.2260768028419
5722001,1990,63.1585151462889,13.6719360012057
5722001,1991,235.742031527893,51.0311232045003
5722001,1988,74.8722165019087,16.2076032014293
5722001,1993,119.861482871091,25.9464384022882
5722001,1994,119.684268634963,25.9080768022848
5722001,1995,70.7000984608057,15.3044640013497
5722001,1996,27.9331944041521,6.04670400053325
5722001,1997,345.1331066144,74.7110304065886
5722001,1998,47.7181261268616,10.3295520009109
5722001,1999,122.758775979325,26.5736160023435
5722001,2013,55.9837333700649,12.1188096010687
5722001,2001,166.365452001776,36.0131616031759
5722001,2002,270.874354709179,58.636224005171
5722001,2003,87.8806993485206,19.0235520016776
5722001,2004,94.6755821712692,20.4944416018074
5722001,1992,191.493153465058,41.4525600036556
5722001,2006,179.280538156374,38.8088928034225
5722001,2007,93.9782261172885,20.343484801794
5722001,2008,186.370185255647,40.3435900835578
5722001,2009,137.109936056423,29.6802144026174
5722001,2010,90.6127521554996,19.6149600017298
5722001,2011,72.4175598528335,15.6762432013824
5722001,2012,83.6000176312307,18.0969120015959
5722001,2017,84.5822794220233,18.3095424016147
5722001,2005,251.904572688487,54.529831618602
5722001,2019,29.1982460346919,6.32054997191019
5722001,2015,131.937616122233,28.5605613051023
5722001,2020,145.496658737153,31.4956898849847
5722001,2018,47.587386723289,10.3012508169084
5722002,2016,150.91436381207,96.2772480056783
5722002,2015,174.331712050544,111.216567146953
5722002,2017,115.446129607584,73.6499520043438
5722002,1981,127.109516257285,81.0907200047827
5722002,1982,597.772697586685,381.35475512619
5722002,1983,287.017905933344,183.1057920108
5722002,1985,126.423779907971,80.653248004757
5722002,1986,242.341934483852,154.604332809118
5722002,1987,622.104620779584,396.877536023408
5722002,1984,372.464537436243,237.617280014015
5722002,1989,331.691439610429,211.60569601248
5722002,1990,171.29820408897,109.281312006445
5722002,1991,345.390366220012,220.345056012996
5722002,1988,111.905942345354,71.3914560042107
5722002,1993,157.1889191242,100.280160005915
5722002,1994,146.825677758255,93.6688320055245
5722002,1995,108.429408029309,69.1735680040797
5722002,1996,44.1063452970461,28.1380608016596
5722002,1997,411.183134850121,262.318176015471
5722002,1998,53.6464113445508,34.2242363097108
5722002,1999,152.700709259232,97.4168640057457
5722002,2000,292.887249298703,186.85019521102
5722002,2001,233.021247117319,148.658112008768
5722002,2002,452.814870290417,288.877536017038
5722002,2003,118.963293463747,75.8937600044762
5722002,2004,134.138426697596,85.5748800050472
5722002,1992,266.994314245485,170.331552010046
5722002,2006,199.863479427509,127.50480000752
5722002,2007,119.907253112474,76.4959680045117
5722002,2008,257.929863845293,164.548800009705
5722002,2009,235.675710404989,150.351552008868
5722002,2010,103.590383100706,66.0864662107943
5722002,2011,103.552508897217,66.0623040038963
5722002,2012,95.0179128440895,60.6175776035752
5722002,2013,92.9977015846495,59.3287646931543
5722002,2014,92.8523757682176,59.2360527118901
5722002,2020,204.084027479241,130.197338618374
5722002,2018,80.0231296244283,51.0515136030109
5722002,2019,43.2288826623107,27.5782752016265
5722002,2005,367.167799722938,234.238176013815
5730008,2016,28.4057353379857,1.01213662431211
5730008,1981,64.6147946818585,2.30231674666281
5730008,1982,302.663904742787,10.7843440489229
5730008,1983,108.666679623705,3.87194786478432
5730008,1984,237.8998304825,8.47670825922913
5730008,1985,81.6706378261642,2.91004062000995
5730008,1986,126.991254793838,4.52487845904533
5730008,1987,193.111085302641,6.88082176609205
5730008,1988,73.3354771265463,2.61304702652502
5730008,1989,75.9080645465074,2.70471196376414
5730008,1990,68.8789562451946,2.45425486897803
5730008,1991,131.669744695916,4.69157968751293
5730008,1992,120.542966355519,4.29511679947571
5730008,1993,69.2535100981054,2.46760075380718
5730008,1994,106.733580424664,3.80306879953577
5730008,1995,43.5039892582219,1.5501088180965
5730008,1996,3.28321484642286,0.11698559998572
5730008,1997,681.221008932533,24.272870397037
5730008,1998,132.300949213942,4.71407039942457
5730008,1999,302.900254158696,10.7927655137127
5730008,2000,20.356417013087,0.725327999911461
5730008,2001,310.606041694455,11.0673336490315
5730008,2002,165.666559470056,5.90293439927944
5730008,2003,16.8428436656227,0.600134399926743
5730008,2004,92.5919932870434,3.29918399959728
5730008,2005,230.649293675594,8.21836135284296
5730008,2006,90.3417544558171,3.21900479960707
5730008,2007,9.19674231860437,0.327692968137068
5730008,2008,40.6901276526106,1.4498469395393
5730008,2009,40.88014704272,1.45661759982219
5730008,2010,35.1430887811679,1.25219807984715
5730008,2011,13.5620536455266,0.483235199941013
5730008,2012,6.6997951408171,0.23872319997086
5730008,2013,29.4186545740491,1.0482283728302
5730008,2014,24.4373997210115,0.870739199893712
5730008,2015,43.8872265600875,1.56376410652348
5730008,2020,106.384704122012,3.79063784222849
5730008,2019,8.79020636500247,0.313207515715426
5730008,2017,74.6385591869815,2.65947768787414
5730008,2018,60.728620142789,2.16384683793978
5741001,1989,81.0281115872057,11.687500803316
5741001,1990,5.36884916432169,0.774403200219713
5741001,1982,65.2214647271482,9.40754889211011
5741001,1983,44.2188791877041,6.37813440180961
5741001,1984,82.0180833126039,11.8302943981463
5741001,1985,7.46010113328732,1.07604553876684
5741001,1986,48.956979922925,7.06155840200352
5741001,1987,67.4134622561776,9.72372277768591
5741001,1988,9.71939602145307,1.40192640039776
5741001,2002,104.07446718099,15.0117088372891
5741001,2003,12.3385016217546,1.77970638573715
5741001,1991,36.6684670805664,5.28906240150061
5741001,1992,64.3597008212144,9.28324800263385
5741001,1993,20.2720029307307,2.92403520082961
5741001,1981,21.5093361955916,3.10250824239207
5741001,1995,23.8031845835578,3.43337310338772
5741001,1996,13.2570146849736,1.91219277785398
5741001,1997,185.677964568974,26.7822033310303
5741001,1998,7.74029553736081,1.11646080031676
5741001,1999,50.3035349738448,7.25578560205861
5741001,2000,112.283121627978,16.1957257613422
5741001,2001,56.7451955688594,8.18493120232223
5741001,2015,27.3204519005592,3.94070400111806
5741001,1994,24.0323115986943,3.46642240098349
5741001,2004,23.328107855016,3.36484800095468
5741001,2005,82.6478112569954,11.9211264033823
5741001,2006,39.5376463660987,5.70291303367815
5741001,2011,9.84933276692347,1.42066848616673
5741001,2008,30.1625408236407,4.3506471174137
5741001,2009,19.6391579968798,2.83275360080371
5741001,2010,7.7880010435242,1.12334184605121
5741001,2020,38.3651959499419,5.5337986990076
5741001,2012,9.16439687508502,1.32187328251119
5741001,2013,6.92656152574013,0.999087746345653
5741001,2014,42.2496184337513,6.09408808513109
5741001,2007,23.3739061830859,3.37145395517998
5741001,2018,30.5351804408112,4.40439668333245
5741001,2016,12.3935446320555,1.78764579361064
5741001,2019,6.68140671049991,0.963726597678462
5741001,2017,17.0542973253886,2.45991310652662
6003001,2018,548.188786827081,528.834700816216
6003001,2017,770.207156745841,743.014598422782
6003001,2016,732.03006977965,706.185373073871
6003001,2015,1092.20571442634,1053.64483203231
6003001,2020,1023.68226524266,987.540638333477
6003001,1981,915.282561705032,882.968041873251
6003001,1982,1689.28630161781,1629.64518314889
6003001,1984,1479.36619384808,1427.13641234703
6003001,1985,952.794749168433,919.155842337012
6003001,1986,1199.91575897828,1157.55211827071
6003001,1983,1073.24934714978,1035.3577290157
6003001,1988,948.524327096671,915.036189704658
6003001,1989,1219.38756661589,1176.33646376233
6003001,1990,921.276872003449,888.750719975098
6003001,1987,1321.57690343511,1274.91795368333
6003001,1992,1379.84890820375,1331.13263546504
6003001,1993,1209.05870904189,1166.37227179748
6003001,1994,1259.98978355671,1215.50519862948
6003001,1995,1180.95258928527,1139.25845300045
6003001,1996,633.819649837128,611.44232233044
6003001,1997,450.974844318411,435.052946360239
6003001,1998,821.74061344176,792.728640024308
6003001,1999,1117.02663784667,1077.58944003304
6003001,2000,1626.73312662155,1569.30048004812
6003001,2001,1463.41675855896,1411.75008004329
6003001,2002,1756.17095692758,1694.16844143126
6003001,2003,1009.31038017248,973.676160029856
6003001,1991,1106.4973794873,1067.43192253524
6003001,2005,1528.25071459982,1474.29504004521
6003001,2006,1070.60530016435,1032.80703146389
6003001,2007,775.213137045535,747.843840022931
6003001,2008,948.727864592714,915.23254120511
6003001,2009,917.550542954638,885.155950882726
6003001,2010,668.930190633098,645.313267492967
6003001,2011,624.128856768538,602.093667676699
6003001,2012,1093.90240973918,1055.28162464774
6003001,2013,606.561110837991,585.146160017942
6003001,2014,800.145566775872,771.896017546261
6003001,2019,443.431291226118,427.775722275186
6003001,2004,958.679714495595,924.833035947842
6013001,2019,140.584868677034,34.438867200149
6013001,1981,470.042351957017,115.145579249225
6013001,1982,1343.0302179454,329.000124671059
6013001,1983,734.166365842415,179.847648000778
6013001,1984,1105.29968155167,270.763627035654
6013001,1985,500.408460852731,122.584320000531
6013001,1986,607.436662529069,148.802860152742
6013001,1987,923.201336978497,226.155265089324
6013001,1988,488.444931819656,119.653632000518
6013001,1989,631.24545171679,154.635264000669
6013001,1990,381.104589432611,93.358627200404
6013001,1991,952.005627215662,233.211409435492
6013001,1992,736.444797374068,180.405792000781
6013001,1993,762.819582194033,186.866784000809
6013001,1994,634.606667273547,155.458656000673
6013001,1995,672.398753709124,164.716527478729
6013001,1996,300.587193939766,73.6344000003186
6013001,1997,1203.1881979023,294.743232001275
6013001,1998,228.162329192252,55.8925880791625
6013001,1999,642.157939578916,157.308480000681
6013001,2000,1024.84626230167,251.055072001086
6013001,2001,879.675609294207,215.492832000932
6013001,2002,1124.09120797185,275.366959449468
6013001,2003,535.346762327267,131.143104000568
6013001,2004,455.133223019822,111.493312000482
6013001,2005,768.695537196715,188.306208000815
6013001,2006,761.590363026916,186.565664000807
6013001,2007,395.116708220021,96.7911552004188
6013001,2008,685.855431979178,168.012990037314
6013001,2009,553.471078369396,135.582990875608
6013001,2010,331.268647495963,81.150390266361
6013001,2011,385.695487889539,94.4832528004088
6013001,2012,695.377713409436,170.345649225356
6013001,2013,283.169537165906,69.3676224003001
6013001,2014,411.542224452311,100.814889600436
6013001,2015,522.505014329206,127.997280000554
6013001,2016,415.510433920209,101.78697600044
6013001,2017,445.251019375865,109.072483200472
6013001,2018,315.827290918513,77.3677440003348
6013001,2020,616.140862498798,150.93511513624
6027001,2019,90.7402293199772,31.7030112028175
6027001,1992,677.084043605684,236.561040021024
6027001,1981,267.449104357821,93.4419277445314
6027001,1982,1090.01155446915,380.830517858611
6027001,1983,515.347763464628,180.053280016001
6027001,1984,1043.08988855254,364.436928032388
6027001,1985,317.403972208779,110.895264009855
6027001,1986,482.790060474298,168.678201614991
6027001,1987,813.864182646636,284.34957122527
6027001,1988,334.833404144375,116.984795412343
6027001,1989,363.605117440098,127.03711681129
6027001,1990,306.571517768507,107.110598409519
6027001,1991,431.522608647284,150.766272013399
6027001,2005,674.785448408388,235.757952020952
6027001,1993,372.335327902724,130.087296011561
6027001,1994,669.958274847204,234.071424020802
6027001,1995,589.465048327715,205.948532099297
6027001,1996,189.322390033331,66.1458528058785
6027001,1997,1039.01127310456,363.011932832261
6027001,1998,60.5058508996941,21.1396608018787
6027001,1999,600.993989291427,209.976537618661
6027001,2000,890.633305536663,311.171328027655
6027001,2001,472.998712626884,165.257280014687
6027001,2002,866.301308222709,302.670163888968
6027001,2003,319.80964559009,111.73576320993
6027001,2004,457.473246052121,159.832960014205
6027001,2020,465.342624596247,162.582379957413
6027001,2006,586.536860202878,204.925475604715
6027001,2007,284.93677872272,99.5518080088472
6027001,2008,423.689530520064,148.029534785811
6027001,2009,477.942220425577,166.984453114179
6027001,2010,264.584811933168,92.4411952633878
6027001,2011,326.721917430477,114.150787210145
6027001,2012,234.107111245194,81.7928324193869
6027001,2013,189.850114847858,66.3302304058949
6027001,2014,385.367707343012,134.640576011966
6027001,2015,569.460576920483,198.959328017682
6027001,2016,201.553537796454,70.4191968062583
6027001,2018,285.086886015325,99.6042528088521
6027001,2017,373.547809048753,130.510915211599
6028001,2019,308.927516825646,444.323145639539
6028001,1982,1399.37443019078,2012.68716732937
6028001,1983,812.08214957622,1167.99856136179
6028001,1984,1180.03761890894,1697.22021590756
6028001,1985,617.9656860989,888.805440079092
6028001,1986,896.593003796097,1289.54852548769
6028001,1987,1109.41994187008,1595.65248014199
6028001,1988,694.232975720967,998.498880088853
6028001,1989,786.24609065249,1130.83916847288
6028001,1990,612.036589150493,880.277760078333
6028001,1991,798.619923717396,1148.63616010221
6028001,1992,1083.1034418213,1557.80208013862
6028001,1981,666.863237310537,959.133632244268
6028001,1994,846.905720344851,1218.08448010839
6028001,1995,1086.79520557763,1563.11185669082
6028001,1996,523.676825205079,753.192000067025
6028001,1997,1194.08528370479,1717.42464015283
6028001,1998,436.127431247851,627.271776055819
6028001,1999,687.943447347124,989.452800088047
6028001,2000,1097.72994930514,1578.83904014049
6028001,2001,942.511357379596,1355.59180812063
6028001,2002,1408.73483336573,2026.15001397341
6028001,2003,724.851625311678,1042.53696009277
6028001,2004,648.979475326385,933.41184008306
6028001,2005,1021.84111267978,1469.68992013078
6028001,1993,969.439224672327,1394.32152318069
6028001,2007,591.317789378398,850.478400075681
6028001,2008,931.026230417267,1339.07302147317
6028001,2009,726.320566962954,1044.6497041499
6028001,2010,453.775438133037,652.654487230491
6028001,2011,509.540636335533,732.860253738916
6028001,2012,686.995796299296,988.089815984637
6028001,2013,519.891071391209,747.747039836612
6028001,2014,611.297704728351,879.215040078238
6028001,2015,824.948958888736,1186.50458907608
6028001,2016,600.214438396221,863.274240076818
6028001,2017,630.610821941249,906.992640080711
6028001,2018,490.24080330555,705.101760062745
6028001,2006,942.582242226598,1355.69376012064
6028001,2020,786.574773170591,1131.31190476992
7103001,1991,916.090390499362,324.670464016856
7103001,2020,826.788941427922,293.021247729806
7103001,1981,589.911640452411,209.069856010854
7103001,1982,1403.97015261582,497.579328025833
7103001,1983,778.655866303027,275.962464014327
7103001,1984,1412.75864857552,500.694048025994
7103001,1985,552.707413866863,195.88435201017
7103001,1986,957.063553216306,339.191712017609
7103001,1987,1152.78868090616,408.55841282121
7103001,1988,648.425227144392,229.807584011931
7103001,1989,706.431738341332,250.365600012998
7103001,1990,673.193914786693,238.585824012387
7103001,2004,775.601224018008,274.879872014271
7103001,1992,1115.17603101323,395.228160020519
7103001,1993,819.694851319811,290.507040015082
7103001,1994,856.706486731761,303.624288015763
7103001,1995,1078.21802858633,382.129920019839
7103001,1996,458.213407793709,162.394848008431
7103001,1997,1683.31024167148,596.579904030972
7103001,1998,321.949057816696,114.101568005924
7103001,1999,1147.74344225472,406.770336021118
7103001,2000,1271.95499777272,450.792000023404
7103001,2001,836.379585396968,296.420256015389
7103001,2002,1327.98082657926,470.648044824435
7103001,2003,669.376975362114,237.23306722446
7103001,2017,655.67836511885,232.378159684558
7103001,2005,1273.62249603526,451.382976023434
7103001,2006,1116.14630047009,395.572032020537
7103001,2007,662.275629514857,234.716288012185
7103001,2008,759.899779494672,269.315142450469
7103001,2009,765.284187984325,271.223424014081
7103001,2010,540.130478872116,191.426976009938
7103001,2011,778.282873270619,275.83027201432
7103001,2012,538.63119315361,190.89561600991
7103001,2013,455.604894429805,161.470368008383
7103001,2014,724.379142535282,256.726317370126
7103001,2015,864.007366782575,306.211783898715
7103001,2016,441.862844201218,156.600064956927
7103001,2018,673.712782863525,238.769715406746
7103001,2019,335.011513801927,118.731016900822
7104002,2020,879.923420129649,1060.54012926972
7104002,2019,261.798932578928,315.536860877077
7104002,1981,645.05574259354,777.462543883117
7104002,1982,1716.01543681328,2068.25184050522
7104002,1983,832.870469707999,1003.82889624521
7104002,1984,1439.77523872906,1735.30944042389
7104002,1985,594.602814851281,716.65344017506
7104002,1986,1081.37160184355,1303.33839533307
7104002,1987,1199.98713373574,1446.30144035329
7104002,1988,650.911800343731,784.520640191638
7104002,1989,665.628840091153,802.258560195971
7104002,1990,673.686293903186,811.969920198344
7104002,1991,893.065527897517,1076.37984026293
7104002,1992,1273.60100668571,1535.02560037497
7104002,1993,899.968844642167,1084.70016026496
7104002,1994,886.183716812506,1068.08544026091
7104002,1995,1078.35829136141,1299.70656031749
7104002,1996,432.048702180776,520.732800127201
7104002,1997,1773.44988516026,2137.47552052213
7104002,1998,378.650149293028,456.37344011148
7104002,1999,1068.72928165189,1288.10106037459
7104002,2000,1412.66781264482,1702.63783229768
7104002,2001,1166.96160908091,1406.49696034357
7104002,2002,1713.00342624317,2064.62157222697
7104002,2003,698.3962968303,841.752000205619
7104002,2004,840.620392587171,1013.16960024749
7104002,2005,1401.59552431368,1689.29280041265
7104002,2006,1155.24819312997,1392.37920034012
7104002,2007,697.091620145432,840.179520205234
7104002,2008,1003.24619078981,1209.17664029537
7104002,2009,915.957684606269,1103.97093544209
7104002,2010,464.73013628136,560.122560136824
7104002,2011,579.40548203855,698.336640170586
7104002,2012,619.434683183024,746.58240018237
7104002,2013,459.124327668362,553.366080135173
7104002,2014,693.088700030985,835.354944204055
7104002,2015,872.306870672736,1051.36017546825
7104002,2016,462.808964020128,557.807040136258
7104002,2017,701.916056458154,845.994240206655
7104002,2018,630.379725810185,759.774067385594
7112001,1981,771.618165260846,677.393280007046
7112001,1982,1997.40052903757,1753.49124316581
7112001,1983,998.294902873252,876.389760009115
7112001,1984,1626.14380002703,1427.56992001485
7112001,1985,838.768885160528,736.34400000766
7112001,1986,1200.31220933516,1053.73805480484
7112001,1987,1371.17349085274,1203.73489148413
7112001,1988,844.112568337798,741.035148088065
7112001,1989,802.345432717614,704.368337652503
7112001,1990,759.286735237788,666.567682313045
7112001,1991,1094.35206423841,960.717058840029
7112001,1992,1419.21397954589,1245.908994783
7112001,1993,1146.86532480726,1006.81774882129
7112001,1994,1092.58485984013,959.165653705088
7112001,1995,1149.66327651869,1009.27403325371
7112001,1996,575.534545445814,505.254089456422
7112001,1997,1589.09944929638,1395.04917934685
7112001,1998,396.438245387518,348.02784000362
7112001,1999,1127.99037214454,990.247680010301
7112001,2000,1566.06497267366,1374.8275200143
7112001,2001,1315.30968210359,1154.69280001201
7112001,2002,1947.1613869782,1709.38697144635
7112001,2003,786.41041676447,690.379200007181
7112001,2004,856.588771295853,751.987840007822
7112001,2005,1703.95320813591,1495.87776001556
7112001,2006,1378.92718956828,1210.54176001259
7112001,2007,746.2813210841,655.150402953844
7112001,2008,862.857717349662,757.49126400788
7112001,2009,888.575173475862,780.068275207292
7112001,2010,748.692675401079,657.26729869785
7112001,2011,825.582255861747,724.767634293254
7112001,2012,742.998898782383,652.268808261764
7112001,2013,598.156134155488,525.113280005463
7112001,2014,808.397036763868,709.680960007383
7112001,2015,883.372001470854,775.500480008067
7112001,2016,528.030082640989,463.55055612468
7112001,2017,725.30835753363,636.738518409734
7112001,2018,687.225116503091,603.305749824957
7112001,2019,446.30022090468,391.801002253868
7112001,2020,1003.13446426453,880.63834630766
7115001,1993,1146.56921158679,561.817079969386
7115001,1981,845.030023366273,414.063359992958
7115001,1982,1845.06920572205,904.080959984623
7115001,1983,1084.11635473112,531.215279990965
7115001,1984,1619.26471362564,793.437119986505
7115001,1985,892.497280333596,437.322239992561
7115001,1986,1228.82452131393,602.122050184769
7115001,1987,1514.38535090586,742.046399987379
7115001,1988,962.852161619543,471.796019304114
7115001,1989,943.092604509479,462.113867921642
7115001,1990,804.163503798409,394.038830762529
7115001,1991,1138.29726626394,557.763839990512
7115001,1992,1443.72375013812,707.422328620287
7115001,2006,1504.44578770248,737.176029914068
7115001,1994,1136.61255962948,556.938336433978
7115001,1995,1336.6828933588,654.97247998886
7115001,1996,692.641085173704,339.393023994227
7115001,1997,1865.27629208332,913.982399984454
7115001,1998,478.87955201789,234.650214616699
7115001,1999,1182.04402129215,579.199679990149
7115001,2000,1645.48455430558,806.284799986286
7115001,2001,1384.00908864123,678.162239988465
7115001,2002,1781.02313169244,872.698486139002
7115001,2003,931.800592287596,456.580799992235
7115001,2004,942.586078906347,461.865671186194
7115001,2005,1833.36108587572,898.34399998472
7115001,2019,500.07869724508,245.037761874229
7115001,2007,840.680159606242,411.931933707279
7115001,2008,824.558446345818,404.032319993127
7115001,2009,915.60091488534,448.642983973273
7115001,2010,668.301621074396,327.466725511672
7115001,2011,829.555556533241,406.480895993087
7115001,2012,793.06382030475,388.60000360236
7115001,2013,651.916576744382,319.438079994566
7115001,2014,837.959306410888,410.598719993016
7115001,2015,985.280603573586,482.785919991788
7115001,2016,606.256672614784,297.064799994947
7115001,2017,804.210298299648,394.061759993298
7115001,2018,756.059943825823,370.468163307985
7115001,2020,1066.56242430563,522.613882156472
7321002,1982,1368.2093798265,7482.6815462339
7321002,1981,642.339835320122,3512.93047908375
7321002,1983,841.290513671829,4600.98366119379
7321002,1985,733.486655952282,4011.40874037782
7321002,1986,872.693240752803,4772.72390058612
7321002,1987,1093.82789329717,5982.10033684211
7321002,1988,745.621449623672,4077.77343426976
7321002,1989,688.902255166519,3767.57846269633
7321002,1990,617.665889617379,3377.98967184699
7321002,1991,868.295890188441,4748.67496889085
7321002,1992,1108.93731541911,6064.73315295421
7321002,1993,870.452928707222,4760.47172496998
7321002,1994,876.157290275737,4791.6686467797
7321002,1995,1005.01648436467,5496.39434731109
7321002,1996,471.662807082587,2579.50474148138
7321002,1997,1348.62265618125,7375.56254987818
7321002,1998,264.590092603551,1447.03247356188
7321002,1999,924.479859856991,5055.94281782661
7321002,2000,1171.77052534747,6408.36542689847
7321002,2001,985.479914403578,5389.54963941768
7321002,2002,1525.94965449281,8345.35670381328
7321002,2003,599.810741547673,3280.3405920085
7321002,2004,696.301257728783,3808.04330729505
7321002,2005,1298.0476018669,7098.96963128134
7321002,2006,1229.55987897173,6724.41305550621
7321002,2007,620.692454394418,3394.54183172804
7321002,2008,761.580147519797,4165.05090510862
7321002,2009,884.606731577045,4837.87829819234
7321002,2010,523.453673048284,2862.74688463503
7321002,2011,754.087053518945,4124.07147825256
7321002,2012,501.994987606761,2745.39020522089
7321002,2013,614.3017864759,3359.59152835556
7321002,2014,731.621235148201,4001.20682974012
7321002,2015,775.916104130994,4243.45366974675
7321002,2016,355.414187037429,1943.74575838088
7321002,2017,679.954589473104,3718.64404231216
7321002,2018,721.086556072447,3943.59309760387
7321002,2019,358.017699247718,1957.98426095114
7321002,2020,684.414907739368,3743.03734181252
7321002,2021,390.182554884354,2133.89255047044
7321002,1984,1316.88851456035,7202.00981782306
7330001,1981,444.743844374453,223.439005432655
7330001,1994,627.751027214714,315.381689829725
7330001,1983,471.5410194438,236.901887992213
7330001,1984,1036.247008654,520.609793536052
7330001,1985,647.784187569199,325.446335989302
7330001,1986,645.216466901524,324.156314869345
7330001,1987,852.129922337071,428.109494385927
7330001,1988,515.026555920633,258.748991991495
7330001,1989,413.486358946881,207.735265977675
7330001,1990,620.131668394729,311.553729132109
7330001,1991,721.743650581249,362.603519988081
7330001,1992,648.528838257108,325.82044798929
7330001,1993,476.519105971492,239.402875283605
7330001,2007,468.562852754823,235.405659069846
7330001,1995,729.992106228564,366.74753850459
7330001,1996,241.830900078,121.495679996006
7330001,1997,1188.05626896443,596.878662837522
7330001,1998,179.107883364055,89.9836789878485
7330001,1999,762.646126242287,383.152895987405
7330001,2000,1262.77134373808,634.415465672267
7330001,2001,471.728471926437,236.99606399221
7330001,2002,1197.17054209642,601.457667470441
7330001,2003,514.797295782108,258.633811853567
7330001,2004,660.766561802514,331.968671989088
7330001,2005,660.575669824782,331.872767989091
7330001,2006,884.328583687308,444.286079985395
7330001,2020,642.112126091383,322.596696154177
7330001,2008,379.457824931522,190.639353593733
7330001,2009,685.931627659728,344.611583988672
7330001,2010,541.976719731772,272.28873599105
7330001,2011,700.892399471266,352.127865588425
7330001,2012,498.998508781343,250.696511991759
7330001,2013,536.574304787205,269.574566391139
7330001,2014,727.865951849045,365.679359987979
7330001,2015,555.10699225414,278.885375990832
7330001,2016,281.606597146156,141.478963195349
7330001,2017,712.635867571626,358.027775988231
7330001,2018,689.697874787951,346.503743988609
7330001,2019,389.361679080713,195.61504319357
7330001,1982,1330.3000687645,668.341851273539
7350003,1981,687.165236598165,320.805490699158
7350003,2021,519.341190158614,242.45624847659
7350003,1983,896.371000389712,418.473932197293
7350003,1984,1789.37571924545,835.376304103374
7350003,1985,932.694148367816,435.431520693098
7350003,1986,974.046386918522,454.736957687323
7350003,1987,1196.29913840413,558.496430958341
7350003,1988,793.545914139973,370.469681554706
7350003,1989,735.589273702161,343.412421546951
7350003,1990,773.966476013651,361.328952482287
7350003,1991,1030.52658086585,481.104933494359
7350003,1992,1014.92424344077,473.820927774735
7350003,1993,812.236409272743,379.195404485863
7350003,1994,916.602575656567,427.919113771424
7350003,1995,1087.17727099121,507.552506037583
7350003,1996,415.307675228689,193.8878386841
7350003,1997,1517.0507717826,708.240451258233
7350003,1998,331.161764148584,154.604026208344
7350003,1999,1254.57862621913,585.704413391711
7350003,2000,1223.67488546256,571.2768940851
7350003,2001,847.087905307564,395.465947132054
7350003,2002,1485.03198004469,693.292366506558
7350003,2003,632.1382339492,295.11594232518
7350003,2004,957.149237476007,446.848464455101
7350003,2005,965.189874860689,450.60226410087
7350003,2006,1223.48162722804,571.186670803344
7350003,2007,732.350173981123,341.900236529305
7350003,2008,594.002433703766,277.312110787503
7350003,2009,1031.21346880468,481.425609527628
7350003,2010,742.478089813556,346.628489408435
7350003,2011,1124.83338001719,525.132392054086
7350003,2012,588.532447150671,274.758428460716
7350003,2013,769.046482244042,359.032036207375
7350003,2014,869.980496902696,406.153433472907
7350003,2015,909.250523425932,424.486782509775
7350003,2016,476.266189637469,222.346534039546
7350003,2017,1060.28770433793,494.999017930998
7350003,2018,959.851046015316,448.109813208013
7350003,2019,567.136405464791,264.769611671847
7350003,2020,766.76831153898,357.968464256978
7350003,1982,1791.36972395159,836.307212164699
7354002,1981,449.574146167498,402.076618248257
7354002,1982,1158.51381334744,1036.11677903534
7354002,1984,1091.52739721317,976.207480652764
7354002,1985,551.886452637744,493.57962513026
7354002,1986,642.443471385026,574.569290943885
7354002,1987,782.098827312062,699.470052498083
7354002,1988,562.676106047476,503.22935119222
7354002,1989,462.014195990875,413.202376271627
7354002,1990,518.854400851925,464.037411039294
7354002,1991,650.076897451583,581.396245217509
7354002,1992,708.642578451767,633.774459495843
7354002,1993,575.045126241557,514.291583869692
7354002,1994,586.972997334673,524.959274867729
7354002,1995,730.177598799923,653.034304016057
7354002,1996,269.879816905164,241.367002617313
7354002,1997,1100.47773765093,984.212217237516
7354002,1998,155.662513001316,139.216761793673
7354002,1999,849.679378704591,759.91071572327
7354002,2000,854.498100375716,764.220339242153
7354002,2001,597.970746776975,534.795111607448
7354002,2002,1147.62973355023,1026.3826027378
7354002,2003,476.190606074772,425.881048019157
7354002,2004,656.5379697335,587.174704934369
7354002,2005,970.14801807542,867.651838152373
7354002,2006,948.632428354263,848.409371412578
7354002,2007,535.141618441662,478.603883388696
7354002,2008,517.022693230331,462.399223406868
7354002,2009,728.064645593397,651.144584406868
7354002,2010,459.676470337979,411.111631434716
7354002,2011,679.751934242912,607.93611309284
7354002,2012,392.01019623633,350.594302108322
7354002,2013,523.808233462491,468.467871021044
7354002,2014,574.669398730424,513.955551986304
7354002,2015,587.301725856174,525.253273206765
7354002,2016,242.455868330291,216.840395391348
7354002,2017,629.585361502843,563.069640924938
7354002,2018,530.921062817457,474.829229648095
7354002,2019,303.651071947906,271.570323109249
7354002,2020,479.489896660447,428.831768412257
7354002,2021,309.452960371921,276.759241771205
7354002,1983,608.409072564924,544.130627826009
7358001,2020,885.605344391433,345.817498188686
7358001,1981,771.75772136011,301.361465464002
7358001,1982,1191.44397283788,465.243549542846
7358001,1983,702.059463575234,274.145192111633
7358001,1984,819.44193070593,319.981535999381
7358001,1985,886.787472464911,346.279103999331
7358001,1986,687.299786443033,268.381727999481
7358001,1987,997.405240796166,389.473919999247
7358001,1988,721.595410100561,281.773727999455
7358001,1989,735.897867773464,287.358653792548
7358001,1990,740.49119242542,289.152287999441
7358001,1991,903.404255282202,352.767743999317
7358001,1992,819.37356835043,319.954841378691
7358001,1993,647.446059132104,252.819359999511
7358001,1994,752.069837496378,293.673599999432
7358001,1995,938.129127390671,366.327359999292
7358001,1996,632.721067168178,247.069439999522
7358001,1997,1027.27392067537,401.13725538384
7358001,1998,375.052515076966,146.453183999717
7358001,1999,1130.14112413666,441.305575473523
7358001,2000,831.445715362527,324.668859540312
7358001,2001,667.483553831625,260.643743999496
7358001,2002,1118.33869585772,436.696879008643
7358001,2003,691.603334056832,270.062207999477
7358001,2004,860.621017924657,336.06143999935
7358001,2005,1080.57765971788,421.951679999184
7358001,2006,1726.63023077256,674.22690082458
7358001,2007,713.363206932635,278.559158527689
7358001,2008,780.453338159523,304.75699199941
7358001,2009,1666.96386403801,650.927951918249
7358001,2010,1465.22631155631,572.152031998894
7358001,2011,1017.81445580372,397.443455999231
7358001,2012,674.285150420222,263.299679999491
7358001,2013,629.253890247446,245.715551999525
7358001,2014,717.032494150141,279.991967999458
7358001,2015,951.11900045655,371.399738383049
7358001,2016,833.519044814579,325.478468028529
7358001,2017,628.176566949654,245.294871106007
7358001,2018,1368.92198770509,534.546431998966
7358001,2019,860.698427865705,336.091667585845
7381001,1981,80.0203077318283,44.717372410315
7381001,1982,162.110507345797,90.5914527709789
7381001,1983,85.2899503706165,47.6621820346129
7381001,1984,125.61511821552,70.1969060208315
7381001,1985,64.4573362519384,36.0203902166245
7381001,1986,25.1018671117527,14.0275583992039
7381001,1987,41.2034201594952,23.0255135986932
7381001,1988,21.3095921325892,11.9083391993241
7381001,1989,34.8439177736734,19.4716627751733
7381001,1990,10.9391239237099,6.11305919965306
7381001,1991,22.980617408796,12.8421503992711
7381001,1992,48.7323105046251,27.2328479984544
7381001,1993,92.968635356034,51.9532254690514
7381001,1994,88.9088108006335,49.6844927971802
7381001,1995,96.7645467632598,54.074476796931
7381001,1996,50.1338504869358,28.01606399841
7381001,1997,197.288591177911,110.249855993743
7381001,1998,37.539869717589,20.9782289268607
7381001,1999,167.901088460017,93.8273759946749
7381001,2000,159.279568985821,89.0094527949483
7381001,2001,117.041343850969,65.405663996288
7381001,2002,168.517047505001,94.1715894922826
7381001,2003,132.598978789746,74.0996639957945
7381001,2004,153.349964859888,85.6958399951364
7381001,2005,157.542093146312,88.0385073390821
7381001,2006,134.195859417676,74.9920412904841
7381001,2007,99.3833315641841,55.537919996848
7381001,2008,142.471602680585,79.6167359954814
7381001,2009,130.865217409916,73.1307942739696
7381001,2010,99.6772452438722,55.7021663968386
7381001,2011,80.3913438811081,44.9247167974503
7381001,2012,73.7186839189939,41.195865597662
7381001,2013,49.2150030390734,27.5025887984391
7381001,2014,110.423415841832,61.7073983964979
7381001,2015,107.636879151133,60.1502111965862
7381001,2016,74.0934495051135,41.4052940884551
7381001,2017,85.9004747764086,48.0033585183486
7381001,2018,86.7931270589964,48.5021951972473
7381001,2019,77.4013227741536,43.2538173577422
7381001,2020,93.7985903116671,52.4170252954556
8104001,1981,659.796105610519,400.301319338004
8104001,1982,1572.00023426487,953.739742361172
8104001,1983,872.399667379102,529.288874051098
8104001,1984,1511.06239816561,916.768478086176
8104001,1985,678.920577498026,411.904224027973
8104001,1986,787.57840231926,477.827424032451
8104001,1987,977.917575217444,593.307072040293
8104001,1988,741.734199217751,450.013536030562
8104001,1989,629.405078559176,381.862944025934
8104001,1990,503.9188197155,305.729856020764
8104001,1991,960.444029862838,582.705792039574
8104001,1992,1202.01615041199,729.268704049527
8104001,1993,892.577273388976,541.530720036777
8104001,1994,766.296848792018,464.915808031574
8104001,1995,1133.42216026567,687.652416046701
8104001,1996,425.817625919025,258.345504017545
8104001,1997,1383.81080235438,839.564352057018
8104001,1998,305.25585931954,185.200128012578
8104001,1999,1112.66324660356,675.057888045846
8104001,2000,1228.62521275517,745.412544050624
8104001,2001,1096.98832291014,665.5478400452
8104001,2002,1520.91806744013,922.747957776952
8104001,2003,497.170072247244,301.635360020485
8104001,2004,760.677991454062,461.506821548584
8104001,2005,1036.05022354022,628.576416042689
8104001,2006,1068.1818945945,648.070848044013
8104001,2007,576.189802046465,349.576992023741
8104001,2008,634.33953941115,384.856704026137
8104001,2009,918.67698734407,557.365536037853
8104001,2010,653.282742370154,396.349632026918
8104001,2011,1029.26587390131,624.46032004241
8104001,2012,521.406605938365,316.339776021483
8104001,2013,687.224427780237,416.942208028316
8104001,2014,805.272833486084,488.562716467166
8104001,2015,848.586652840992,514.841409060076
8104001,2016,399.55604076138,242.412480016463
8104001,2017,1073.948544318,651.56950084425
8104001,2018,926.812795380815,562.301568038187
8104001,2019,424.376594635079,257.471223737219
8104001,2020,855.272986550754,518.898038347203
