"wy_simple","wym","MEIv2","PDO","SOI","ONI","OLR","NINO1.2","NINO3","NINO4","NINO3.4","ESPI","AAO","BIENSO"
1979,10,0.35,0.36,0.7,0.59,0.6,-0.25,0.38,0.37,0.54,-0.73733,-0.447,0.21
1979,11,0.19,0.863,0.5,0.46,0.4,-0.42,0.03,0.36,0.22,-0.46183,-0.9797,0.21
1979,12,0.41,0.797,-0.7,0.34,-1.1,-0.01,-0.18,0.19,0.03,0.41208,-1.4244,0.52
1980,1,0.59,1.023,-1,0.38,0,0,-0.2,0.14,-0.07,-0.33693,-2.0682,0.86
1980,2,0.55,1.036,0,0.48,-0.2,-0.43,-0.15,0.26,0.08,0.75912,-0.4787,0.44
1980,3,0.62,-0.39,0,0.46,-0.7,-0.36,0.08,0.16,0.21,-0.13139,0.2857,0.64
1980,4,0.62,0.1,-0.1,0.25,-0.3,-0.84,-0.23,0.02,-0.06,0.5663,-1.9439,0.26
1980,5,0.15,0.184,0.6,0.03,-0.9,-0.48,-0.34,-0.29,-0.38,-0.97505,-0.9968,-0.12
1980,6,0.2,0.161,-0.8,-0.07,0,-0.3,-0.18,-0.27,-0.28,0.10593,-1.7008,0.26
1980,7,0.09,1.265,0,0.02,-0.3,-0.5,-0.42,-0.02,-0.26,-0.0855,0.5774,0.11
1980,8,-0.03,0.874,-0.6,0.11,-0.4,-0.41,-0.1,-0.02,-0.1,0.35061,-2.0129,0.31
1980,9,-0.06,0.476,-0.1,-0.01,0.3,-0.4,0.01,-0.03,0.05,-0.83272,-0.3563,0.33
1980,10,-0.33,1.167,0.6,-0.26,0.4,-1.5,-0.71,-0.13,-0.36,-0.59035,0.2305,-0.31
1980,11,-0.24,1.32,-0.3,-0.5,-0.7,-1.17,-0.88,-0.17,-0.64,0.38788,0.0393,-0.03
1980,12,0.33,1.35,-2.1,-0.47,-0.9,-0.55,-0.59,-0.17,-0.64,0.81679,-0.9655,0.82
1981,1,0.41,1.228,-0.2,-0.37,-0.9,-0.73,-0.52,-0.52,-0.53,0.71754,-1.462,0.18
1981,2,-0.27,1.379,1.3,-0.26,0.5,-0.77,-0.54,-0.56,-0.57,-0.68481,-0.344,-0.35
1981,3,-0.6,1.708,2,-0.29,0.4,-0.63,-0.43,-0.59,-0.46,-0.49371,0.3517,-0.47
1981,4,-0.51,1.001,1.4,-0.3,0.1,-0.89,-0.6,-0.73,-0.64,-0.42197,-0.9859,-0.58
1981,5,-0.31,0.54,1.2,-0.25,0.9,-1.13,-0.73,-0.71,-0.53,0.31676,-2.1183,-0.29
1981,6,-0.01,0.784,0.5,-0.16,0,-0.79,-0.23,-0.4,-0.19,-0.9103,-1.5094,-0.19
1981,7,-0.1,0.171,-0.6,-0.13,0.2,-0.57,-0.18,-0.38,-0.3,-0.57056,-0.2603,0.32
1981,8,-0.22,0.618,0.3,-0.15,0.3,-0.46,-0.41,-0.31,-0.41,-0.84225,0.6256,-0.15
1981,9,-0.16,0.61,0.8,-0.08,-0.2,-0.18,-0.05,-0.09,-0.2,-0.21343,1.1164,-0.11
1981,10,-0.38,0.204,2,-0.05,0.9,-0.26,0.2,-0.03,0.13,-0.66956,-0.5544,-0.36
1981,11,-0.47,0.077,0.4,0.07,0.1,-0.79,0,-0.18,-0.17,-0.31302,0.2772,-0.06
1981,12,-0.28,0.045,1,0.19,-0.6,-1.29,-0.1,0.07,0.13,-0.17107,1.6035,0
1982,1,-0.34,-0.271,0.1,0.47,0,-0.81,-0.01,0.33,0.21,-0.16953,1.5314,0.47
1982,2,-0.03,-0.662,-0.6,0.66,0.4,-0.31,0.39,0.39,0.45,-0.04837,0.1179,1.05
1982,3,0.78,-0.501,-1.7,0.72,-0.2,0.13,0.54,0.45,0.53,0.43734,0.9201,1.74
1982,4,1.79,0.576,-2.5,0.79,-1.2,0.47,0.41,0.13,0.37,2.21935,-0.4147,1.57
1982,5,2.02,0.397,-2.9,1.07,-1.6,0.8,0.95,0.09,0.73,1.64897,0.7793,1.9
1982,6,1.81,0.883,-2.9,1.58,-1.4,1.31,1.89,0.33,1.49,1.88772,1.58,2.04
1982,7,1.93,0.441,-2.8,1.97,-1.8,1.81,2.3,0.67,1.99,1.94788,-0.7023,2.22
1982,8,2.28,-0.231,-4.3,2.18,-2,3.03,2.4,0.57,1.92,2.95648,-0.8492,2.69
1982,9,2.48,0.161,-3.7,2.23,-0.9,3.16,2.86,0.51,2.2,1.96181,-1.9337,2.38
1982,10,2.57,0.329,-5.8,2.18,-1.5,2.65,3,0.39,2.35,2.46852,-1.3404,2.76
1982,11,2.74,0.944,-6,1.92,-0.7,2.03,2.3,0.33,1.94,2.05954,-1.0807,3.08
1982,12,2.68,1.735,-4,1.54,0.1,2.23,1.68,0.23,1.38,1.54509,0.1663,2.5
1983,1,2.79,1.445,-1.5,1.29,0.3,3.32,1.55,0.04,0.95,1.43562,0.1494,1.57
1983,2,2.89,1.181,1,1.06,-0.8,3.85,1.73,0.16,0.9,1.53672,-0.4372,0.66
1983,3,2.02,1.756,0.1,0.72,-0.9,4.24,1.52,0,0.54,1.42148,-0.2628,0.82
1983,4,0.75,2.273,-1,0.31,-1,3.8,0.8,-0.27,-0.11,-1.06271,1.1141,0.39
1983,5,-0.11,1.302,0.2,-0.08,-0.1,2.93,0.65,-0.4,-0.27,-0.05397,0.792,0.09
1983,6,-0.41,0.669,1.4,-0.46,-0.1,1.37,0.13,-0.78,-0.52,-0.52924,-0.696,-0.67
1983,7,-0.43,0.702,0.7,-0.81,0.3,0.99,-0.61,-0.89,-1.16,-0.72171,1.1935,-0.77
1983,8,-0.43,1.032,-0.2,-1,0.2,0.4,-1.03,-1.01,-1.29,-0.56305,0.7274,-0.53
1983,9,-0.43,1.389,0,-0.91,1.1,0.21,-0.84,-0.83,-1.03,-0.85765,0.4755,-0.37
1983,10,-0.5,1.178,0.3,-0.6,1.7,-0.39,-0.58,-0.83,-0.67,-1.25177,-1.0975,-0.37
1983,11,-0.52,1.046,1.4,-0.42,1.9,-0.88,-0.15,-0.72,-0.19,-1.33421,-0.5437,-0.54
1983,12,-0.11,1.381,-0.4,-0.34,1.2,-0.87,-0.23,-0.85,-0.52,-0.85274,0.2509,0.02
1984,1,0.09,1.001,0.6,-0.43,1.1,-0.23,-0.49,-0.88,-0.68,-1.43883,-0.2042,-0.56
1984,2,-0.47,0.942,0.3,-0.51,0.7,-1.11,-0.93,-0.78,-0.73,-1.61688,-1.2374,-0.39
1984,3,-0.72,0.074,-0.6,-0.45,0.5,-0.95,-1.17,-0.78,-0.9,-1.12579,0.4261,-0.28
1984,4,-0.31,0.098,0.3,-0.3,0.1,-0.63,-0.78,-0.59,-0.5,-0.99987,0.8896,-0.2
1984,5,-0.15,0.505,0.7,-0.16,0.2,-0.56,-0.41,-0.62,-0.24,-1.28313,-0.5484,-0.31
1984,6,-0.11,0.479,0.2,-0.24,0.3,-0.07,-0.34,-0.54,-0.34,-1.36597,0.327,-0.21
1984,7,-0.15,0.699,-0.5,-0.56,0.2,-0.51,-0.67,-0.74,-0.67,-0.66674,-0.0094,-0.2
1984,8,-0.58,0.636,0.4,-0.92,-0.2,-0.13,-0.99,-0.91,-1.19,0.1103,-0.0241,-0.66
1984,9,-0.31,0.476,-0.2,-1.14,0.1,-0.4,-1.27,-0.95,-1.34,-0.6078,-1.4756,-0.62
1984,10,-0.25,0.831,-0.5,-1.04,0.2,-0.78,-1.26,-0.64,-1.16,-0.06814,-0.7948,-0.19
1984,11,-0.58,0.587,2,-0.85,1.2,-1.38,-0.9,-0.71,-0.72,-0.86248,0.2155,-0.95
1984,12,-0.6,-0.038,1.3,-0.77,-0.7,-0.89,-0.78,-1.01,-0.79,0.13296,-0.1336,-0.72
1985,1,-0.76,-0.182,1.9,-0.78,0.8,-1.37,-1.05,-1.14,-1.18,-0.87846,0.0315,-1.08
1985,2,-1.22,-0.271,0.7,-0.78,1.1,-1.88,-1.07,-0.98,-1.03,-1.27089,-0.0661,-0.5
1985,3,-0.57,0.338,-0.6,-0.63,0.5,-1.27,-1.02,-0.95,-0.91,-0.6511,-0.3307,-0.11
1985,4,-0.02,0.84,-0.2,-0.49,0.3,-1.4,-1.1,-0.72,-0.74,-0.50059,1.9137,-0.22
1985,5,-0.37,0.687,1.6,-0.46,0.4,-1.23,-0.88,-0.58,-0.56,-0.52678,0.5948,-0.64
1985,6,-0.44,0.566,0,-0.4,0,-0.99,-0.86,-0.48,-0.7,-0.86167,1.5073,-0.29
1985,7,-0.04,0.441,-0.6,-0.35,0.2,-0.92,-0.8,-0.4,-0.49,-0.51608,0.4708,-0.01
1985,8,0,-0.402,-0.3,-0.27,-0.1,-0.79,-0.7,-0.35,-0.37,-0.69526,1.0847,-0.02
1985,9,-0.34,0.401,0.4,-0.36,0.1,-0.38,-0.73,-0.24,-0.41,-0.29472,1.2403,-0.21
1985,10,-0.36,1.053,1.6,-0.49,0.2,0,-0.8,-0.25,-0.66,-1.19314,0.1578,-0.73
1985,11,-0.3,1.57,-1.7,-0.47,0.9,-0.1,-0.53,-0.23,-0.71,-0.54349,-1.588,0.26
1985,12,-0.39,1.769,0.8,-0.31,1.1,-0.73,-0.37,-0.16,-0.42,-1.61581,-0.7696,-0.29
1986,1,-0.52,1.261,0.5,-0.2,0.4,-0.85,-0.38,-0.34,-0.33,-1.0811,-0.0867,-0.29
1986,2,-0.18,0.99,-0.4,-0.12,0.4,-1.18,-0.6,-0.33,-0.53,0.21204,-1.8466,0.05
1986,3,0.12,0.835,1.6,-0.04,-0.2,-1.08,-0.45,-0.19,-0.31,-0.20274,-0.6194,-0.31
1986,4,0.56,1.304,0.5,0.22,-0.2,-0.49,-0.14,-0.08,-0.11,-0.03018,0.0892,0.2
1986,5,1.05,0.475,-0.6,0.44,0.2,-0.1,0.17,0.06,0.32,0.07082,-0.157,0.59
1986,6,1.31,0.617,-0.8,0.71,-1,0.18,0.3,0.22,0.53,0.02135,0.8487,0.76
1986,7,0.57,1.266,1.1,0.94,-0.8,0.25,0.53,0.23,0.81,0.0767,0.3057,0.3
1986,8,0.65,1.763,-2,1.14,-1.5,0.36,0.78,0.38,1.01,0.13686,-0.2225,1.35
1986,9,1.06,1.519,-2.4,1.22,-2.4,0.6,0.92,0.32,1.12,1.80845,0.8863,1.31
1986,10,0.98,1.422,-1.1,1.23,-2.3,0.99,1.02,0.3,1.14,0.51243,-0.9504,0.99
1986,11,1.08,1.59,-2.1,1.19,-2.3,0.97,1.14,0.5,1.13,1.10648,-0.7077,1.42
1986,12,1.47,1.501,-2.1,1.06,-1.3,1.44,1,0.47,0.98,1.52377,-0.1327,1.71
1987,1,1.66,1.572,-2.3,0.95,-1.3,1.56,0.77,0.08,0.58,2.01767,-0.2856,1.84
1987,2,1.91,1.267,-2.1,0.97,-1.9,1.52,0.89,0.19,0.62,2.14975,0.0386,1.97
1987,3,2.02,0.548,-1.8,1.22,-1.2,0.98,0.86,0.4,0.92,1.30243,-0.7019,2.08
1987,4,1.92,1.694,-2.2,1.51,-2.2,1.03,1.11,0.49,1.29,2.21963,-1.5313,2.1
1987,5,1.48,1.917,-1.5,1.7,-1.6,0.82,1.45,0.59,1.57,0.76478,1.4852,1.87
1987,6,1.23,1.769,-1.7,1.65,-0.6,1.1,1.66,0.78,1.65,1.73081,-0.7989,1.68
1987,7,1.13,1.1,-0.6,1.48,-1.2,1.45,1.16,0.82,1.24,0.80438,0.4555,1.14
1987,8,0.85,1.091,0,1.25,-0.7,1.14,0.99,0.82,1.07,0.31182,1.0604,0.74
1987,9,0.75,0.861,-0.8,1.11,-1.3,0.67,1,0.76,0.94,0.33941,0.2723,0.9
1987,10,0.59,0.399,-0.2,0.81,-0.9,0.02,0.68,0.65,0.9,0.04456,-0.6117,0.54
1987,11,0.31,0.643,-0.6,0.54,-0.7,-0.31,-0.01,0.45,0.28,0.06427,0.5508,0.54
1987,12,0.19,0.633,1.1,0.14,0.4,-0.81,-0.15,0.14,0.1,-0.834,-0.219,0.18
1988,1,-0.01,0.475,0.2,-0.31,0.2,-0.83,-0.65,-0.36,-0.44,0.49703,-0.0768,-0.31
1988,2,-0.36,0.49,1.5,-0.88,0.6,-1.26,-1.57,-0.62,-1.25,-0.81966,-0.7486,-1.3
1988,3,-1.19,0.307,0.1,-1.3,0.9,-1.66,-2.18,-0.88,-1.74,-0.74217,-1.0549,-1.11
1988,4,-1.77,0.172,1.7,-1.3,0.9,-1.37,-2.06,-0.94,-1.74,-0.58217,0.576,-1.61
1988,5,-1.79,-0.362,2.5,-1.11,1.1,-1.46,-1.48,-0.77,-1.19,-1.22153,-0.7449,-1.64
1988,6,-1.77,-0.334,3,-1.19,1.1,-1.29,-1.09,-0.92,-1,-1.19459,-0.6885,-1.71
1988,7,-1.54,-0.05,2.3,-1.48,0.8,-1.2,-1.55,-1.64,-1.9,-1.09863,-2.314,-1.86
1988,8,-1.61,0.056,2.8,-1.8,1.2,-0.96,-1.67,-1.73,-2.05,-1.85008,0.401,-2.06
1988,9,-1.49,-0.136,2,-1.85,1.6,-0.75,-1.61,-1.77,-1.96,-0.87337,1.0745,-1.47
1988,10,-1.09,-0.989,2.5,-1.69,1.7,-0.3,-1.44,-1.72,-1.97,-0.78329,0.6184,-1.55
1988,11,-1.06,-1.094,2,-1.43,1.7,-0.06,-0.96,-1.53,-1.47,-0.86944,0.8489,-1.23
1988,12,-1.2,-0.87,1.8,-1.08,1.3,-0.15,-1.01,-1.16,-1.21,-0.765,0.6321,-1.14
1989,1,-1.09,-0.122,2.7,-0.83,0.6,-0.09,-0.86,-1.01,-1.08,-0.65488,-0.5731,-1.66
1989,2,-1.04,0.011,2,-0.58,0.4,-1.2,-0.83,-0.79,-0.88,-0.72076,2.6906,-1.26
1989,3,-1.02,0.071,1.2,-0.4,0.6,-1.08,-0.32,-0.92,-0.59,-0.00997,1.9948,-0.74
1989,4,-1.12,0.571,1.5,-0.31,0.4,-0.79,-0.45,-0.85,-0.57,-0.2214,1.4576,-0.64
1989,5,-0.73,-0.079,-0.5,-0.27,0.5,-0.3,-0.4,-0.77,-0.53,-0.77784,-0.1319,-0.04
1989,6,-0.61,-0.202,0.8,-0.24,0.5,-0.65,-0.3,-0.5,-0.3,0.00471,-0.1212,-0.4
1989,7,-0.56,-0.231,1.3,-0.22,0.2,-0.48,-0.4,-0.45,-0.4,-0.70657,0.1358,-0.51
1989,8,-0.33,-0.552,-0.4,-0.16,-0.6,-0.24,-0.59,-0.54,-0.45,-0.24894,0.572,0.06
1989,9,-0.02,0,-0.9,-0.05,-0.2,-0.4,-0.38,-0.12,-0.13,0.25851,-0.445,0.27
1989,10,0.12,-0.254,-0.1,0.14,-1,-0.48,-0.29,0.16,0.01,0.09334,-0.3521,0.15
1989,11,0.43,-0.837,-3,0.21,-1,-0.16,0.01,0.38,0.21,0.98115,1.1507,1.12
1989,12,0.61,-0.707,-0.7,0.28,-1.4,-0.44,-0.28,0.31,0.04,0.74089,0.4142,0.61
1990,1,0.17,0.105,0.3,0.29,-0.7,-0.52,-0.1,0.12,0.08,0.48188,-1.8786,0.32
1990,2,0.03,-0.047,2,0.29,0,-0.24,0.16,-0.06,0.08,0.17294,-1.8034,-0.29
1990,3,0.04,-0.136,0.5,0.31,0.1,-0.3,-0.04,-0.05,-0.08,-0.53726,0.0931,0.12
1990,4,0.17,-0.047,0.9,0.33,-0.2,-0.66,0.01,0.02,0.09,0.3084,-1.2151,0.03
1990,5,0.06,0.004,-0.3,0.38,-0.7,-0.44,0.11,0.13,0.22,0.36216,0.4657,0.47
1990,6,0.21,0.058,-1.2,0.39,-0.7,-0.49,0.12,0.22,0.22,-0.0395,1.4816,0.55
1990,7,-0.06,-0.701,0.4,0.35,-0.1,-0.7,-0.14,0.39,0.21,-0.16341,0.139,0.17
1990,8,0.12,-1.439,-0.8,0.4,-0.5,-0.65,-0.2,0.5,0.1,0.28412,-0.359,0.4
1990,9,0.28,-1.722,-0.4,0.41,-0.5,-0.5,-0.08,0.65,0.35,0.72101,-0.3117,0.4
1990,10,0.16,-1.302,1,0.41,-0.4,-0.54,0.13,0.58,0.49,-0.0165,0.8689,0.12
1990,11,0.08,-0.65,0.4,0.26,-0.6,-0.38,0,0.54,0.32,-0.07319,-0.8517,0.23
1990,12,0.21,-0.61,-1.1,0.22,-0.4,-0.21,-0.16,0.34,0.03,0.62531,0.5223,0.64
1991,1,0.21,-1.198,-1,0.26,0,-0.3,-0.05,0.34,0.19,-0.0279,-0.6394,0.86
1991,2,0.35,-1.176,-1.7,0.45,-0.1,-0.33,0.24,0.46,0.26,0.77713,-0.5386,1.37
1991,3,0.89,-1.826,-0.2,0.64,-0.2,0.21,0.68,0.38,0.52,1.2746,-1.1546,0.94
1991,4,0.88,-1.171,0,0.73,-0.5,0.6,0.83,0.45,0.76,0.83845,-1.2202,0.71
1991,5,0.42,-0.317,-0.7,0.64,-1,0.37,0.51,0.47,0.68,0.95747,0.0355,0.82
1991,6,0.62,0.612,-2.5,0.62,-0.7,0.46,0.36,0.33,0.42,0.90521,-0.513,1.02
1991,7,1.09,0.545,-1.7,0.79,-0.6,0.65,0.61,0.7,0.86,0.70264,-0.6232,1.28
1991,8,1.17,0.598,-1.1,1.21,-2.5,0.72,0.95,0.69,1.2,1.52343,-0.8042,1
1991,9,1.29,-0.042,-2.9,1.53,-1.8,0.83,1.25,0.81,1.69,0.59275,-2.0675,1.82
1991,10,1.7,0.244,-4.7,1.71,-2.2,0.47,1.37,0.62,1.84,2.36302,0.0726,2.12
1991,11,1.59,0.27,-1.5,1.63,-1.3,0.61,1.27,0.89,1.78,1.62374,-1.6268,1.51
1991,12,1.72,0.207,-3.3,1.48,-2,1.24,1.05,0.64,1.38,2.57237,-1.0103,2.22
1992,1,1.98,0.615,-1.7,1.29,-1.6,2.19,1.17,0.46,1.2,1.66474,-0.4393,2.05
1992,2,1.69,1.349,0.4,1.06,-1.8,2.22,1.19,0.31,1.04,1.71646,-2.032,1.19
1992,3,1.58,1.238,-1,0.73,-1,0.85,0.55,0.27,0.58,0.84234,-2.1933,1.18
1992,4,0.76,1.579,-1,0.37,-0.4,-0.07,-0.06,0.31,0.22,0.03925,-0.5662,0.69
1992,5,0.08,1.113,0.6,0.09,-0.2,-0.14,-0.08,0.14,0.05,-0.11165,-0.3495,-0.08
1992,6,0.5,0.872,0.1,-0.13,0,0.03,-0.07,0.1,-0.06,0.43427,0.435,-0.02
1992,7,0.81,1.377,-2.3,-0.25,-0.5,0.01,-0.34,0,-0.3,-0.90982,-0.3194,0.75
1992,8,0.73,1.35,-1.1,-0.28,-1.1,-0.07,-0.46,-0.01,-0.28,0.62404,0.1218,0.36
1992,9,0.78,0.474,-0.9,-0.13,-1.5,-0.1,-0.36,0.07,-0.15,0.35649,0.2436,0.41
1992,10,0.83,0.01,-1.5,0.09,-0.7,-0.01,-0.11,0.22,0.14,0.16607,-2.0206,0.59
1992,11,0.93,0.312,-1.2,0.3,-1.6,0.3,0.39,0.1,0.41,0.70837,0.437,0.74
1992,12,0.78,0.545,-0.8,0.5,-1,0.6,0.4,0.05,0.39,0.70548,-0.3776,0.81
1993,1,0.98,1.123,-1.9,0.67,-2,1.25,0.84,0.04,0.59,1.33938,0.0872,1.71
1993,2,1.48,1.776,-0.6,0.7,-1.5,1.15,1.07,0.07,0.78,1.11693,1.2599,1.2
1993,3,1.5,1.928,-1.4,0.57,-1.4,1.04,0.44,0.04,0.35,0.73234,1.2179,1.39
1993,4,0.91,1.464,-1.3,0.32,-1.3,0.7,0.24,0.07,0.23,0.20988,1.9571,0.94
1993,5,0.62,1.962,-1.6,0.25,-0.6,0.56,0.24,0.13,0.13,0.57853,1.0829,0.92
1993,6,0.64,1.437,-1.2,0.15,-0.9,0.38,0.32,0.3,0.35,0.155,1.061,0.65
1993,7,0.95,1.478,-1.8,0.1,-1.5,0.55,0.13,0.02,0.06,0.77563,0.7481,0.96
1993,8,0.7,1.228,-0.1,0.04,-0.1,0.31,-0.01,0.09,0,0.17294,0.3237,0.24
1993,9,0.26,0.752,0.3,0.06,-0.7,0.02,0.09,0.18,0.16,0.15359,1.0281,0.12
1993,10,0.02,0.945,-0.2,0.06,-0.1,-0.09,0.2,0.11,0.1,0.12552,0.7227,0.16
1993,11,-0.17,0.556,0.4,0.07,0.6,-0.33,-0.08,-0.06,0.06,-0.13718,1.157,-0.07
1993,12,-0.21,0.481,-1.1,0.17,0.3,-1.01,-0.35,0.05,0.11,-0.81079,0.6933,0.52
1994,1,0.03,0.717,-2.1,0.31,-0.3,-1.27,-0.38,0.11,0.26,0.26879,-0.0525,1.1
1994,2,0,0.684,-1.1,0.42,-0.1,-1.06,-0.1,0.23,0.31,0.16057,-0.1527,0.89
1994,3,0.25,0.152,-0.7,0.41,0.1,-0.91,-0.06,0.26,0.32,0.59798,-1.6819,0.83
1994,4,0.88,-0.471,-2.2,0.44,-0.3,-0.87,-0.28,0.5,0.24,1.02119,-0.4922,1.11
1994,5,0.84,-0.426,-2,0.43,-0.6,-1.03,-0.26,0.71,0.53,0.7069,1.9099,1.33
1994,6,1.06,-0.886,-2.6,0.55,-1,-0.15,-0.05,0.54,0.48,1.27871,-0.947,1.18
1994,7,1.47,-0.591,-1.9,0.74,-0.6,0.8,0.52,0.69,0.75,1.2788,-0.5778,1.29
1994,8,0.99,-1.428,-0.9,1.01,-1.4,0.6,0.89,0.75,1.11,0.84742,-0.7926,1.02
1994,9,0.87,-1.852,-2,1.09,-2.8,0.86,0.82,0.92,1.25,1.14523,0.9327,1.33
1994,10,0.77,-0.578,-0.7,0.96,-1.7,0.73,0.77,0.72,1.02,0.34518,1.4485,0.84
1994,11,0.48,0.239,-0.2,0.72,-0.6,0.1,0.45,0.71,0.73,-0.09856,0.5329,0.7
1994,12,0.14,0.71,1.2,0.53,0,-0.49,-0.03,0.71,0.46,-0.51966,-0.1544,0.44
1995,1,0.18,0.712,-1.1,0.3,0.2,-1.55,-0.4,0.52,0.28,0.38868,0.6488,0.96
1995,2,0.16,1.153,-0.6,0.14,0.2,-1.41,-0.72,0.39,-0.11,0.13914,1.3967,0.63
1995,3,0,1.15,0.2,-0.03,0.4,-0.93,-0.55,0.21,-0.14,-0.09679,-0.802,0.28
1995,4,-0.25,1.262,0.7,-0.24,0.4,-0.61,-0.44,0.03,-0.21,-0.17231,-3.0097,0
1995,5,-0.65,0.277,0.5,-0.54,0.7,-0.41,-0.9,-0.14,-0.63,-1.37162,-0.6965,-0.2
1995,6,-0.86,1.342,0.4,-0.81,0.4,-0.28,-1.04,-0.35,-0.84,-1.14092,1.1733,-0.42
1995,7,-0.65,0.692,0,-0.97,0.9,-0.55,-1,-0.45,-0.88,-0.51376,-0.057,-0.26
1995,8,-0.67,0.182,0.1,-1,0.8,-0.28,-1.07,-0.59,-1.1,-1.21603,0.1429,-0.38
1995,9,-0.82,0.425,-0.8,-0.98,1,-0.85,-0.98,-0.5,-0.95,-0.9078,1.4697,0.01
1995,10,-0.83,0.948,1.6,-0.9,1.7,-0.65,-0.81,-0.47,-0.86,-0.98519,0.3321,-0.66
1995,11,-0.81,1.068,0.4,-0.75,1.6,-0.44,-0.67,-0.52,-0.86,-1.22801,-0.525,-0.39
1995,12,-0.64,1.012,1.9,-0.59,1.1,-0.33,-0.53,-0.4,-0.61,-0.22198,0.5435,-0.52
1996,1,-0.69,1.285,1.3,-0.39,0.4,-1.92,-0.83,-0.46,-0.47,-0.63879,0.115,-0.53
1996,2,-0.83,1.898,0.5,-0.31,0.4,-1.44,-0.74,-0.45,-0.38,-0.4119,0.9832,-0.48
1996,3,-0.9,1.026,1.9,-0.3,0.5,-1.89,-0.76,-0.48,-0.44,-0.16137,-0.252,-0.54
1996,4,-0.76,0.577,1.1,-0.27,0.5,-1.26,-0.64,-0.45,-0.44,-0.42737,0.0209,-0.26
1996,5,-0.6,-0.212,1.2,-0.32,0.5,-0.87,-0.42,-0.32,-0.22,-0.51051,-1.5019,-0.35
1996,6,-0.26,0.511,1,-0.35,0.6,-0.65,-0.5,-0.37,-0.45,-0.43937,-1.3144,-0.44
1996,7,-0.31,0.717,1,-0.4,0.5,-0.7,-0.59,-0.31,-0.44,-0.96602,0.9657,-0.28
1996,8,-0.3,0.688,-0.1,-0.45,0.5,-1.1,-0.66,-0.23,-0.41,-0.63504,-1.6669,-0.03
1996,9,-0.45,0.22,1.5,-0.49,0.7,-1.13,-1.01,-0.19,-0.64,-1.0508,-0.0231,-0.48
1996,10,-0.66,0.815,0.8,-0.5,0.5,-0.9,-0.89,0.01,-0.53,0.17659,0.3689,-0.3
1996,11,-0.72,0.592,2.9,-0.36,0.5,-0.22,-0.68,0.19,-0.37,-0.89825,-0.2442,-0.75
1996,12,-0.29,0.732,-0.7,-0.1,-1,0.54,-0.35,0.24,-0.25,1.26246,0.701,0.42
1997,1,0.17,0.961,-1,0.28,-1.2,0.91,-0.12,0.59,0.16,1.24804,-0.4576,0.97
1997,2,0.68,1.657,-2.2,0.75,-1.7,2.12,0.65,0.53,0.64,2.13609,1.0281,2.1
1997,3,2.25,2.382,-2.3,1.22,-0.9,3,1.51,0.26,1.09,3.53095,-0.4576,2.11
1997,4,2.11,1.442,-1.2,1.6,-1.5,3.63,2.09,0.47,1.56,1.95745,0.7797,1.89
1997,5,2.2,2.123,-2.4,1.9,-1.7,3.96,2.59,0.5,1.89,2.99355,0.7684,2.48
1997,6,2.17,1.639,-2.4,2.14,-1.4,3.96,2.84,0.68,2.13,3.0605,0.1222,2.27
1997,7,2.01,1.587,-2.4,2.33,-2.6,3.67,3.08,0.58,2.36,3.20304,-0.5947,2.15
1997,8,2.06,1.281,-2,2.4,-0.6,4.47,3.27,0.69,2.41,2.13268,-1.9046,1.92
1997,9,2.03,0.867,-1.6,2.39,-1.5,4.25,3.3,0.57,2.29,2.28455,-0.8355,1.74
1997,10,2.23,0.991,-4.4,2.24,-0.7,3.55,3.08,0.64,2.38,2.47553,0.4125,2.73
1997,11,2.43,1.482,-3.4,1.93,-0.3,2.64,2.49,0.59,2.03,1.96814,0.3896,2.61
1997,12,2.27,1.407,-4,1.44,0.1,2.74,1.92,0.3,1.34,1.34651,0.7359,2.46
1998,1,2.55,0.31,-2.4,0.99,1,2.68,1.64,-0.07,0.78,1.11937,1.9273,1.55
1998,2,2.26,-0.355,0.4,0.45,-0.3,2.72,1.39,-0.26,0.57,1.01023,-0.0381,0.63
1998,3,0.37,-0.519,1.6,-0.13,-0.1,2.24,0.37,-0.71,-0.39,-0.88174,1.031,-0.95
1998,4,-1.42,-0.681,2,-0.78,0.5,1.42,-0.38,-0.78,-0.99,-0.27011,1.45,-1.5
1998,5,-1.74,-0.172,1.9,-1.12,0.6,0.96,-0.67,-1.02,-1.28,-0.9705,0.9041,-1.44
1998,6,-1.31,-0.867,1.7,-1.31,0.9,0.22,-0.95,-1.02,-1.26,-1.17287,-0.1224,-1.23
1998,7,-1.21,-1.576,1.8,-1.35,0.8,0.33,-0.99,-1.34,-1.46,-1.01313,0.3995,-1.28
1998,8,-1.3,-0.612,1.7,-1.48,1,-0.14,-0.86,-1.45,-1.46,-1.08407,0.8172,-1.28
1998,9,-1.25,-0.874,2.3,-1.57,1.3,-0.18,-1.1,-1.48,-1.69,-0.98407,1.4352,-1.52
1998,10,-1.26,-0.543,3,-1.55,1.8,-0.78,-1.25,-1.68,-1.69,-1.1481,0.9991,-1.7
1998,11,-1.18,-0.756,1.6,-1.3,1.3,-0.54,-0.88,-1.64,-1.32,-0.80235,0.4559,-1.22
1998,12,-1.11,-0.867,2.1,-1.07,1.5,-0.04,-0.52,-1.35,-0.95,-0.97757,0.1804,-1.04
1999,1,-1.17,-1.452,2.3,-0.98,1,-0.9,-0.87,-1.21,-1.11,-1.6974,0.9494,-1.22
1999,2,-1.36,-1.864,0.4,-1.02,0.7,-0.69,-0.81,-1.03,-1.15,-1.3144,1.639,-0.64
1999,3,-1.26,-1.91,0.4,-1.04,0.5,-0.76,-0.9,-1.01,-1.19,-0.60652,-1.3249,-0.82
1999,4,-1.19,-1.321,0.9,-1.1,0.2,-0.23,-0.76,-1.14,-1.17,-0.96072,0.3156,-0.78
1999,5,-1.07,-1.189,0.6,-1.11,0.7,-0.11,-0.84,-1.1,-1.22,-1.3033,0.0419,-0.95
1999,6,-1.17,-1.379,-0.1,-1.16,1,-1.05,-1.11,-0.97,-1.09,-0.29173,-0.0121,-0.54
1999,7,-1.31,-1.849,1.6,-1.26,0.9,-0.86,-1.38,-0.97,-1.23,-0.92281,1.6535,-1.03
1999,8,-1.33,-1.755,1.7,-1.46,0.7,-1.23,-1.5,-1.27,-1.58,-0.73938,0.9006,-1.3
1999,9,-1.43,-1.64,2.4,-1.65,1.8,-0.64,-1.55,-1.36,-1.74,-1.0691,1.7838,-1.49
1999,10,-1.26,-1.784,1.1,-1.66,1.7,-0.76,-1.66,-1.33,-1.77,-1.00105,1.2734,-1.26
1999,11,-1.27,-0.969,2.7,-1.41,2.2,-0.62,-1.14,-1.47,-1.55,-0.95071,0.6197,-1.75
1999,12,-1.36,-0.475,2.2,-1.07,1.8,-0.47,-0.5,-1.43,-0.98,-0.75159,0.1331,-1.2
2000,1,-0.93,-0.393,2,-0.81,1.1,-0.04,-0.17,-1.43,-0.87,-0.9821,0.2327,-1.01
2000,2,-0.97,-0.568,0.6,-0.71,0.4,-0.4,-0.37,-1.29,-0.86,-0.69274,1.1271,-0.58
2000,3,-1.14,-0.521,-0.3,-0.64,0.8,-0.38,-0.59,-0.91,-0.79,-1.62835,0.1172,-0.27
2000,4,-0.58,-0.903,-0.3,-0.55,0.8,-0.28,-0.62,-0.73,-0.67,0.04638,0.0586,-0.07
2000,5,-0.08,-1.102,1.2,-0.51,-0.1,-0.57,-0.48,-0.62,-0.49,-1.16031,-0.6735,-0.44
2000,6,-0.36,-0.811,1.4,-0.55,0.5,-0.23,-0.32,-0.49,-0.52,0.28711,-1.8529,-0.72
2000,7,-0.55,-1.082,1.8,-0.63,0.4,-0.27,-0.5,-0.65,-0.7,-1.17446,0.347,-0.9
2000,8,-0.91,-0.804,3,-0.75,0.7,-1.19,-0.7,-0.77,-0.79,-0.7076,-1.5371,-1.4
2000,9,-0.8,0.024,1.3,-0.74,1,-0.96,-0.66,-0.95,-0.92,-0.47222,-1.2903,-0.78
2000,10,-0.82,0.519,1.6,-0.68,1.5,-0.63,-0.42,-0.89,-0.73,-0.93738,-0.4709,-0.87
2000,11,-0.87,0.145,2.8,-0.52,0.6,-0.48,-0.28,-0.82,-0.63,-1.09959,-0.2649,-1.15
2000,12,-0.79,-0.035,1.5,-0.44,0.8,0.17,-0.01,-0.71,-0.48,-0.97516,-0.5548,-0.46
2001,1,-0.61,-0.837,0.3,-0.34,0,0.18,-0.12,-0.59,-0.49,-0.86644,0.515,-0.09
2001,2,-0.58,-0.755,-0.8,-0.25,-0.2,-0.71,-0.14,-0.39,-0.34,-0.17695,-0.2622,0.36
2001,3,-0.71,-1.02,0.5,-0.12,0,-0.85,-0.28,-0.17,-0.19,-0.97573,0.3861,0.13
2001,4,-0.02,-1.73,-0.3,-0.08,0,-0.58,-0.27,0.09,-0.04,0.47214,-0.9283,0.44
2001,5,0.34,-1.09,-0.7,-0.13,-0.4,-0.84,-0.22,0.05,-0.05,-0.17648,0.9103,0.51
2001,6,-0.07,-1.217,0.3,-0.19,0.3,-1.13,-0.59,0.21,-0.2,0.09751,1.1614,-0.08
2001,7,-0.25,-1.201,-0.1,-0.29,-0.1,-1.13,-0.43,0.19,-0.14,-0.39585,1.2771,0.14
2001,8,-0.32,-0.793,1.1,-0.35,-0.4,-0.89,-0.68,0.08,-0.37,-0.74356,0.9958,-0.4
2001,9,0.02,-0.888,-1.4,-0.31,-1.8,-1.02,-0.62,0.12,-0.41,0.37255,1.4736,0.41
2001,10,0.07,-0.154,0.7,-0.15,-0.2,-0.78,-0.49,0.4,-0.15,-0.05427,0.7469,-0.15
2001,11,-0.26,-0.96,1.8,0.03,-1.2,-0.07,-0.24,0.46,-0.04,0.60475,1.3341,-0.33
2001,12,-0.2,-0.779,-0.4,0.09,-1,0.77,0.14,0.25,0.01,0.27341,-1.8235,0.44
2002,1,-0.36,-0.701,-0.1,0.2,0.3,0.82,0,0.41,0.02,-0.12602,0.165,0.4
2002,2,-0.1,-0.996,-1.4,0.43,0.1,0.63,0.26,0.6,0.31,0.21128,-2.7985,1.06
2002,3,0.4,-0.868,-0.4,0.65,-0.7,0.38,0.57,0.64,0.72,0.44943,-1.112,0.99
2002,4,0.42,-0.422,-0.8,0.79,0.2,-0.23,0.39,0.63,0.74,1.70256,-0.5909,1.12
2002,5,0.97,0.285,-1.6,0.86,-1.6,-0.26,0.51,0.64,0.87,0.93982,-0.0994,1.45
2002,6,0.84,0.123,-1,1.01,-1.9,0.2,0.86,0.61,1.09,1.7772,-0.8645,1.21
2002,7,0.79,0.3,-0.6,1.21,-1.5,0.37,0.99,0.65,1.25,1.50342,-2.564,1.15
2002,8,0.76,1.081,-0.7,1.31,-1.8,0.97,1.3,0.85,1.47,0.91197,-0.9235,1.2
2002,9,0.86,1.473,-1.8,1.14,-1.6,1.1,1.21,0.84,1.37,1.52927,1.3085,1.48
2002,10,0.8,1.442,-0.3,0.92,-2.3,0.13,0.57,0.57,0.6,0.81898,-0.9879,0.85
2002,11,0.62,1.262,-1.1,0.63,-1.1,-0.12,0.44,0.69,0.64,0.22479,-0.3569,1.07
2002,12,0.53,1.282,-0.5,0.38,-0.8,-0.07,0.19,0.6,0.36,-0.05283,-0.1877,0.83
2003,1,-0.08,0.529,-0.2,-0.04,0.3,-0.56,-0.44,0.33,-0.14,0.30221,0.2243,0.3
2003,2,-0.57,0.324,-0.5,-0.26,0.1,-1.65,-0.96,-0.05,-0.61,-0.29548,0.3845,0.08
2003,3,-0.07,-0.182,-1,-0.16,0.8,-1.35,-0.59,0.1,-0.29,1.09819,-0.7745,0.32
2003,4,0.01,0.493,0.5,0.08,-0.2,-1.01,0.12,0.19,0.21,-0.46642,0.727,0.23
2003,5,0.01,0.746,0.2,0.21,0.5,0.01,0.26,0.19,0.26,-0.05095,0.678,0.17
2003,6,0.14,0.049,-0.2,0.26,0,-0.45,0.15,0.18,0.27,-0.55743,-0.3231,0.31
2003,7,0.26,0.757,0,0.29,0,0.23,0.4,0.36,0.42,-0.36216,-0.0249,0.44
2003,8,0.29,-0.02,-0.5,0.35,0.5,0.28,0.64,0.37,0.33,0.08533,-0.7117,0.46
2003,9,0.1,-0.361,1.8,0.35,-0.1,0.22,0.77,0.43,0.43,-0.42965,-1.3229,-0.28
2003,10,0.16,-0.226,-2.2,0.37,-0.9,-0.21,0.42,0.43,0.27,0.28436,0.8071,0.88
2003,11,-0.04,0.033,2,0.31,0.4,-0.07,0.3,0.38,0.23,-0.13191,-1.1819,-0.48
2003,12,-0.44,0.128,0.7,0.23,-0.5,-0.74,0.13,0.1,0.12,0.03492,0.4317,0
2004,1,-0.23,0.095,-1.5,0.17,-0.8,-0.57,-0.07,0.09,0.07,0.965,0.151,0.65
2004,2,-0.44,0.496,1.7,0.17,0.3,-1.59,-0.45,0.11,0.06,-1.51531,0.4596,-0.12
2004,3,-0.34,-0.288,-1.4,0.28,-1.1,-1.07,-0.26,0.22,0.13,0.38996,1.1954,0.61
2004,4,0.43,0.032,-0.8,0.47,0.1,-0.78,-0.02,0.42,0.49,-0.01871,1.4743,0.89
2004,5,0.74,0.292,-0.5,0.64,-0.4,-0.75,0.24,0.55,0.76,1.56144,-0.0712,0.9
2004,6,0.54,0.108,-0.6,0.7,-0.3,-0.27,0.45,0.69,0.81,-0.01903,0.2536,0.82
2004,7,0.34,-0.52,-0.1,0.67,-0.3,0.15,0.54,0.7,0.73,0.3802,-0.0425,0.56
2004,8,0.51,-0.946,-1.1,0.66,-0.8,0.72,0.63,0.76,0.66,0.53607,-0.2422,0.85
2004,9,0.51,-0.531,-1.3,0.69,-0.1,0.36,0.69,0.87,0.74,0.37089,-0.9729,0.95
2004,10,0.08,-0.068,0.6,0.64,-0.1,-0.02,0.32,0.88,0.66,-0.09497,-0.1287,0.2
2004,11,0.61,0.169,-5.2,0.58,-2.2,-0.94,-0.09,0.67,0.36,1.11161,1.2435,2.23
2004,12,0.82,0.795,0.5,0.45,0,-1.46,-0.07,0.61,0.45,-0.09212,0.1583,0.33
2005,1,0.13,0.402,-1,0.43,-0.5,-0.42,-0.05,0.42,0.26,-0.07704,0.3554,0.72
2005,2,0.18,1.147,-1.3,0.29,-0.2,-0.38,0.16,0.29,0.3,0.14563,-0.2973,1.08
2005,3,0.2,0.528,0.7,0.11,0.1,-0.77,0.06,0.17,0.04,0.34321,-1.4277,0.39
2005,4,-0.02,0.014,0.3,-0.06,-0.6,-0.35,0.1,-0.11,-0.23,-0.74921,-0.252,0.35
2005,5,-0.01,-0.198,-0.6,-0.14,0.3,-0.4,0.18,-0.06,-0.05,-0.05716,0.2282,0.4
2005,6,-0.05,-0.712,0.6,-0.11,-0.1,-0.74,-0.08,0.03,-0.04,-0.47353,0.2407,-0.14
2005,7,-0.71,-1.565,2,-0.29,0,-1.27,-0.34,0.09,-0.06,-0.50651,0.031,-0.47
2005,8,-0.75,-1.544,-0.3,-0.57,0.4,-1.43,-1.13,-0.14,-0.59,-0.85052,-0.5515,0.04
2005,9,-0.73,-0.059,0,-0.84,0.8,-0.92,-1.22,-0.26,-0.92,-1.16222,-1.9678,-0.2
2005,10,-0.68,0.555,2.7,-0.85,0.8,-0.37,-0.81,-0.5,-0.91,-0.61427,0.3389,-1.22
2005,11,-0.5,0.507,0.2,-0.77,0.4,0.22,-0.35,-0.67,-0.67,-0.88454,-0.2113,-0.31
2005,12,-0.61,-0.351,2.9,-0.57,1.1,-0.29,-0.55,-0.59,-0.71,-0.89015,0.5006,-1
2006,1,-0.84,-0.358,1.8,-0.37,0.3,-1.5,-0.42,-0.34,-0.32,-1.05275,-0.1693,-0.39
2006,2,-0.43,-0.284,-0.8,-0.14,0.7,-0.56,-0.08,-0.06,-0.09,-0.17708,1.6954,0.63
2006,3,-0.23,0.091,-0.4,-0.03,-0.4,-0.21,-0.01,0.06,0,-0.77521,0.438,0.48
2006,4,0.11,0.377,-1,0.1,0,0.2,0.01,0.2,0.01,0.44214,0.9255,0.64
2006,5,0.56,-0.466,-1.7,0.3,-0.5,0.7,0.39,0.42,0.31,0.34117,-1.7271,1.02
2006,6,0.63,-0.997,-1,0.54,-0.5,0.97,0.83,0.63,0.6,0.09993,-0.3241,0.86
2006,7,0.68,-0.169,-2.1,0.77,-1,1.05,0.88,0.69,0.7,1.34597,0.8792,1.26
2006,8,0.9,-0.442,0.1,0.94,-0.7,0.79,0.99,0.92,0.99,1.55183,0.1013,0.57
2006,9,0.59,-0.296,-0.5,0.94,-0.8,0.71,1.14,0.92,1.14,0.42455,0.6384,0.9
2006,10,0.62,-0.468,-1.3,0.66,-1.4,0.66,0.87,0.65,0.7,0.21564,-0.0828,0.88
2006,11,0.39,-0.382,-0.1,0.22,-0.1,0.11,0.08,0.46,0.13,0.09137,0.0749,0.3
2006,12,-0.22,-0.734,0.3,-0.12,0.4,-0.64,-0.4,0.34,-0.18,-0.21103,-0.5701,0.15
2007,1,-0.36,-0.24,-0.2,-0.32,-0.1,-1.22,-0.63,0.1,-0.32,-0.38787,-1.0352,0.26
2007,2,-0.44,-0.116,-0.2,-0.38,0.1,-1.79,-0.88,-0.08,-0.47,-0.19556,-0.6119,0.15
2007,3,-0.86,0.086,0.9,-0.47,0.4,-1.61,-0.72,-0.07,-0.35,-0.70667,-1.198,-0.07
2007,4,-0.77,0.548,-0.5,-0.56,0.7,-0.98,-0.95,-0.22,-0.59,-1.40595,-2.6307,0.06
2007,5,-0.93,0.185,0.7,-0.81,0.4,-1.2,-1.18,-0.31,-0.72,-0.61157,-0.1079,-0.48
2007,6,-1.1,-0.582,0.3,-1.07,0.5,-0.97,-1.27,-0.65,-1.11,-0.95129,0.0305,-0.63
2007,7,-1.14,-1.871,1.2,-1.34,1,-1.52,-1.43,-0.85,-1.39,-0.45497,-0.4337,-1.14
2007,8,-1.13,-1.23,1.4,-1.5,0.2,-1.73,-1.62,-1.09,-1.54,-0.78811,-0.9838,-1.23
2007,9,-1.22,-0.759,2.7,-1.6,1.5,-1.66,-1.66,-1.12,-1.58,-0.98459,1.9293,-1.6
2007,10,-1.08,-1.23,2.9,-1.64,0.6,-0.48,-1.46,-1.45,-1.68,-0.25471,1.2085,-1.75
2007,11,-1.27,-1.188,4.4,-1.52,2.1,0.22,-1.24,-1.58,-1.67,-1.18351,1.1474,-2.52
2007,12,-1.54,-0.955,2.4,-1.29,1.9,0.39,-0.75,-1.35,-1.21,-1.10377,0.5875,-1.24
2008,1,-1.13,-1.498,1.1,-1.01,1.2,0.41,-0.46,-1.16,-0.99,-1.30726,-0.8734,-0.93
2008,2,-0.98,-1.348,-0.1,-0.84,0.9,0.54,-0.25,-1.11,-0.84,-0.68151,-0.4898,-0.27
2008,3,-0.86,-1.625,1,-0.61,0.3,0.55,-0.16,-1.01,-0.68,-0.8829,1.3484,-0.46
2008,4,-0.87,-1.373,0.5,-0.37,0.5,0.99,0.28,-0.83,-0.3,-0.84032,0.3202,0.02
2008,5,-1.08,-1.218,1.7,-0.23,0.3,1.4,0.5,-0.75,-0.13,-0.79975,0.087,-0.35
2008,6,-1.07,-1.347,2,-0.24,0.1,1.02,0.3,-0.68,-0.25,-0.48213,1.3856,-0.8
2008,7,-1.12,-1.538,2.1,-0.35,0.7,0.35,0.09,-0.59,-0.35,-0.8831,1.2149,-0.82
2008,8,-1.05,-1.384,2.2,-0.55,0.5,-0.28,-0.12,-0.72,-0.46,-1.16974,0.9197,-0.89
2008,9,-1.05,-1.266,2.4,-0.73,1.6,-0.45,-0.56,-0.81,-0.86,-1.16012,1.1938,-1.07
2008,10,-1.01,-1.619,1.8,-0.85,1.3,-0.17,-0.51,-0.95,-0.89,-0.6874,0.9626,-1.32
2008,11,-0.85,-1.464,3.1,-0.79,1.3,-0.68,-0.57,-0.85,-0.79,-0.96414,0.4558,-1.95
2008,12,-0.94,-1.743,0.7,-0.61,0.9,-0.81,-0.71,-0.58,-0.69,-0.69954,0.6046,-0.3
2009,1,-0.81,-1.872,1.3,-0.33,0.7,0.41,-0.17,-0.26,-0.35,-0.86938,0.0292,-0.54
2009,2,-0.72,-1.008,-0.2,0.01,0.6,0.34,0.29,-0.01,0.06,-0.63202,-0.7328,0.68
2009,9,0.96,-0.428,-1.2,1.56,-2.6,0.6,1.33,1.18,1.74,1.21623,0.6068,1.73
2009,10,0.93,0.134,-1.8,1.5,-2.1,0.28,1.07,1.12,1.52,1.00578,-0.7569,1.62
2009,11,1.28,0.361,-2.4,1.22,-2.3,0.12,0.88,0.88,1.25,2.00625,-0.7752,1.94
2009,12,1.31,0.036,-1.1,0.84,-1.5,0.07,0.55,0.75,0.9,0.62486,0.1083,1.21
2010,1,0.49,0.043,2,0.35,-0.3,-0.11,0.27,0.5,0.38,0.66273,0.3774,-0.14
2010,2,-0.17,-0.132,1.5,-0.17,0.6,0.24,-0.17,0.1,-0.22,-0.18582,1.021,-0.76
2010,3,-1.33,-0.699,0.6,-0.66,1,0.01,-0.71,-0.31,-0.69,-0.80504,2.0707,-0.69
2010,4,-2.43,-1.579,3,-1.05,0.8,-1.03,-1.01,-0.79,-1.07,-1.17543,2.4237,-2.17
2010,5,-2.4,-1.499,3,-1.35,1,-1.31,-1.14,-1.25,-1.39,-1.68569,1.5101,-2.33
2010,6,-2.28,-1.639,3.7,-1.56,1.3,-1.22,-1.29,-1.44,-1.6,-1.16834,0.4018,-2.76
2010,7,-2.18,-1.083,2.9,-1.64,1.3,-1.28,-1.48,-1.61,-1.69,-1.38906,1.3349,-2.35
2010,8,-2.04,-1.183,2.1,-1.64,1.5,-1.31,-1.52,-1.59,-1.64,-0.82952,1.5163,-1.83
2010,9,-1.91,-1.676,4.8,-1.59,2.2,-0.9,-1.5,-1.45,-1.6,-0.99563,0.2054,-2.99
2010,10,-1.83,-1.468,3.8,-1.42,2,-0.48,-1.26,-1.4,-1.54,-0.95504,0.0524,-2.46
2010,11,-1.63,-1.069,4.5,-1.19,2.3,-0.16,-0.77,-1.05,-1.11,-0.97688,1.0738,-3.07
2010,12,-1.79,-0.931,4.2,-0.93,1.7,-0.88,-0.73,-0.81,-0.93,-1.66771,-0.2962,-2.34
2011,1,-1.74,-0.823,3.1,-0.73,1.1,-0.19,-0.33,-0.74,-0.77,-1.10085,-0.87,-1.69
2011,2,-1.29,-0.898,0.6,-0.55,0.3,0.11,-0.29,-0.57,-0.52,-0.94569,1.2657,-0.53
2011,3,-1.08,-1.445,0.4,-0.44,-0.1,0.3,-0.12,-0.51,-0.38,-1.14128,-0.099,-0.23
2011,4,-0.86,-2.137,1.6,-0.48,0,0.1,-0.2,-0.48,-0.43,-0.42466,-1.3842,-0.81
2011,5,-0.88,-1.997,0.7,-0.62,0.2,-0.21,-0.39,-0.63,-0.65,-0.04856,-1.202,-0.77
2011,6,-1.16,-1.867,1.7,-0.83,0.2,-0.74,-0.61,-0.76,-0.8,-0.73505,-1.25,-1.2
2011,7,-1.37,-1.553,1.2,-1.01,0.9,-0.78,-1.06,-0.9,-1.05,-0.2349,0.3882,-1.13
2011,8,-1.21,-2.48,1.8,-1.09,0.8,-0.57,-1.12,-0.9,-1.19,-0.44671,-0.9075,-1.4
2011,9,-1.24,-2.184,4.1,-1.04,1.5,-0.68,-0.92,-1.01,-1.06,-1.2906,2.5735,-2.37
2011,10,-1.08,-1.669,1.8,-0.86,1.7,-0.18,-0.57,-1.02,-0.87,-0.73538,1.5833,-1.3
2011,11,-0.67,-1.148,0.8,-0.72,1.9,0.36,-0.19,-0.91,-0.67,-0.52528,-0.2831,-0.84
2011,12,-0.59,-1.348,1.2,-0.59,0.9,0.16,-0.18,-0.77,-0.61,-1.37498,0.2748,-0.85
2012,1,-0.43,-0.761,-0.4,-0.47,0.1,0.9,-0.02,-0.59,-0.5,-0.40796,0.6656,-0.08
2012,2,-0.35,-1.626,0.1,-0.26,0,0.87,0.09,-0.52,-0.32,-1.03549,0.1528,0.06
2012,3,-0.28,-1.426,-0.7,-0.01,0.1,1.02,0.44,-0.39,0.02,-0.55555,-0.1971,0.56
2012,4,0.3,-1.953,-0.1,0.25,-0.8,0.4,0.57,-0.26,0.25,-0.6769,1.2593,0.62
2012,5,-0.06,-1.936,-0.3,0.37,0.1,0.07,0.52,0.08,0.47,0.27935,0.4888,0.67
2012,6,-0.32,-2.308,0.4,0.37,-0.5,0.06,0.34,0.21,0.38,0.04974,0.5624,0.24
2012,7,-0.22,-0.918,0.5,0.27,-0.4,-0.37,0.02,0.31,0.26,0.17407,-0.4442,-0.05
2012,8,-0.07,-0.577,0.4,0.05,-0.2,-0.41,-0.02,0.3,0.16,-0.19069,-1.7009,0.03
2012,9,-0.07,-1.301,-1,-0.21,0.5,-0.85,-0.42,0.06,-0.25,-0.15243,-0.7635,0.46
2012,10,-0.05,-0.999,-0.1,-0.43,-0.3,-0.68,-0.66,-0.08,-0.53,-0.48993,0.071,-0.13
2012,11,-0.07,-1.109,-0.4,-0.43,0.1,-0.73,-0.56,-0.19,-0.52,-0.78834,0.7156,-0.04
2012,12,-0.14,-1.109,2.5,-0.34,-0.2,-0.67,-0.12,-0.37,-0.25,0.28683,1.3748,-1.11
2013,1,-0.37,-0.556,0.4,-0.3,0.6,-1.23,-0.36,-0.27,-0.25,-1.34545,0.6106,-0.13
2013,2,-0.71,-0.294,1.3,-0.36,0.6,-1.58,-0.82,-0.23,-0.4,-0.87263,0.3596,-0.74
2013,3,-1.18,-1.069,2,-0.41,0.4,-1.91,-0.89,-0.2,-0.42,-0.7165,-0.2711,-0.78
2013,4,-0.85,-1.139,1.3,-0.4,0.6,-1.6,-0.7,-0.24,-0.39,-2.05964,0.9453,-0.7
2013,5,-0.5,-1.087,0.3,-0.32,0.8,-1.16,-0.65,-0.18,-0.38,-0.74688,-1.5609,-0.32
2013,6,-0.38,-0.657,0.5,-0.26,0.3,-0.77,-0.33,-0.11,-0.18,-0.75063,-1.6583,-0.18
2013,7,-0.16,-1.267,-0.1,-0.18,0.1,-0.75,-0.19,-0.04,-0.2,-0.18233,-0.4576,-0.14
2013,8,-0.18,-0.895,1.2,-0.17,0.5,-0.56,-0.2,0.04,-0.14,-0.45609,0.1888,-0.54
2013,9,-0.35,-0.928,0.1,-0.27,0.7,-0.44,-0.13,-0.06,-0.17,-0.80907,0.0613,-0.01
2013,10,-0.51,-0.496,2.4,-0.42,0.2,-0.01,-0.43,-0.18,-0.49,-0.30051,-0.6826,-1.26
2013,11,-0.43,-0.227,0.1,-0.46,0.2,-0.61,-0.79,0.07,-0.62,0.45847,0.3222,-0.37
2013,12,-0.08,0.464,-1.5,-0.27,-1.1,-0.31,-0.32,0.28,-0.28,0.77458,0.467,0.54
2014,1,-0.16,0.525,1.3,0.04,-1,-0.03,0.06,0.35,0.08,1.30984,0.6137,-0.17
2014,2,-0.18,1.152,0.9,0.21,-0.1,1.06,0.38,0.53,0.32,0.66205,-0.4452,0.09
2014,3,-0.01,-0.325,0.3,0.16,-0.7,1.54,0.53,0.39,0.23,0.50777,0.8412,0.37
2014,4,0.32,0.399,-0.3,0.05,-0.2,0.98,0.31,0.14,-0.06,0.11128,0.247,0.42
2014,5,0.16,0.361,-1.2,0.07,0.3,0.89,0.18,0.25,-0.03,0.14441,-0.0589,0.7
2014,6,-0.15,0.621,-1.2,0.23,0,0.8,0.37,0.39,0.29,0.21027,-1.1189,0.97
2014,7,0.07,1.202,-1,0.49,-0.2,0.69,0.58,0.48,0.44,0.55725,-0.039,0.76
2014,8,0.34,1.132,-1.5,0.64,0.2,0.8,0.77,0.73,0.75,0.15872,-0.5192,1.24
2014,9,0.34,1.567,-0.9,0.66,0,0.41,0.68,0.76,0.71,-0.36161,1.3222,0.87
2014,10,0.23,1.336,-1.4,0.55,0.1,-0.16,0.35,0.75,0.51,-0.00903,0.6747,0.94
2014,11,0.05,1.426,0.4,0.47,-0.1,-0.53,0.05,0.87,0.42,-0.0307,1.2165,0.14
2014,12,0.13,1.26,-1.2,0.53,-1.9,0.09,0.1,0.9,0.47,0.95037,0.7733,0.91
2015,1,0.35,0.83,-0.1,0.7,-1,1,0.63,0.98,0.7,1.24429,1.0286,0.83
2015,2,0.96,0.389,-1.2,0.93,-0.9,1.55,0.94,0.94,0.92,3.02095,0.4156,1.69
2015,3,1.85,0.656,-0.9,1.18,-1.4,2.19,1.45,0.92,1.18,1.59968,0.7113,1.53
2015,4,1.73,1.144,-1.9,1.52,-0.4,2.54,1.85,0.88,1.46,3.76707,1.678,2.34
2015,5,1.92,0.889,-2.4,1.86,-1.5,1.65,2.09,0.99,1.93,2.32905,1.0618,2.6
2015,6,2.21,0.936,-2.7,2.16,-1.7,2.28,2.5,1.06,2.21,2.18597,0.5424,2.92
2015,7,2.11,0.72,-2.8,2.42,-1.5,2.12,2.62,1.08,2.36,2.30534,-0.1699,2.77
2015,8,1.88,0.067,-0.8,2.57,-1.5,2.28,2.84,1.44,2.72,0.9527,0.6954,1.99
2015,9,1.9,0.007,-0.9,2.64,-2.7,2.21,2.84,1.37,2.66,2.05867,-0.0589,1.91
2015,10,1.94,0.523,-3.6,2.48,-2,1.79,2.59,1.22,2.57,2.26359,1.3918,2.96
2015,11,1.81,1.114,-3.2,2.14,-2.4,1.3,1.97,1.22,2.26,1.73267,1.0933,3.05
2015,12,1.31,1.448,-0.1,1.58,-1.6,1.35,1.53,1.07,1.62,1.18154,2.0383,1.23
2016,1,1.33,1.619,-2,0.94,-0.9,0.45,0.62,0.74,0.91,0.98914,0.0969,1.78
2016,2,1.26,1.499,0.7,0.39,-0.2,0.49,-0.03,0.53,0.3,0.07251,0.0124,0.07
2016,3,0.36,0.679,1.1,-0.07,0.1,0.64,-0.14,0.39,-0.03,-0.50999,2.5655,-0.4
2016,4,-0.51,0.482,0.7,-0.36,0.4,0.25,-0.61,0.15,-0.48,-0.95807,0.4066,-0.56
2016,5,-0.28,-0.124,1.2,-0.54,0.7,0.24,-0.53,-0.06,-0.58,-0.31014,-0.7385,-0.93
2016,6,-0.34,-0.325,2,-0.63,0.7,0.57,-0.26,-0.25,-0.58,-1.35389,2.3328,-1.25
2016,7,-0.6,-0.295,-0.4,-0.69,0.9,0.34,-0.56,-0.44,-0.74,-1.22303,-0.1772,-0.25
2016,8,-0.51,0.662,-0.2,-0.67,1.2,0.12,-0.62,-0.46,-0.76,-0.48794,-1.5077,-0.14
2016,9,-0.34,0.317,0.5,-0.56,1.2,0.43,-0.47,-0.19,-0.5,-0.66701,-0.7112,-0.39
2016,10,-0.41,-0.085,0.3,-0.34,0.9,0.93,-0.08,-0.16,-0.43,-1.00061,-0.9822,-0.26
2016,11,-0.41,0.11,-0.1,-0.16,1.4,1.36,0.42,-0.09,-0.08,-0.64087,-0.0149,0.11
2016,12,-0.58,0.196,1.5,0.05,1.1,1.61,0.35,-0.03,0.03,-0.7616,0.1561,-0.51
2017,1,-0.21,0.493,-0.3,0.2,0.4,1.05,0.45,0.06,0.22,-0.42776,0.6192,0.48
2017,2,0.17,0.398,0.4,0.3,0.1,0.21,0.29,0.19,0.37,-1.01931,1.0528,0.34
2017,3,-0.29,0.143,-0.7,0.31,0.6,-0.24,0.06,0.32,0.34,-0.76059,0.5464,0.79
2017,4,-0.7,-0.434,1.3,0.14,-0.6,-0.32,0.04,0.26,0.25,-1.37817,0.7284,-0.14
2017,5,-0.77,-0.334,0.9,-0.11,0.2,-0.34,-0.25,0.08,-0.16,-0.50408,0.7641,-0.51
2017,6,-0.8,0.057,1,-0.38,0.6,-0.81,-0.72,-0.04,-0.43,-1.37199,1.2961,-0.66
2017,7,-0.63,-0.457,1.5,-0.65,0.6,-0.81,-0.72,-0.2,-0.56,-0.67286,-0.5676,-0.96
2017,8,-0.63,-0.539,1.5,-0.84,0.9,-1.2,-1.08,-0.4,-0.97,-1.13442,0.7706,-1.15
2017,9,-0.73,-0.228,-0.2,-0.97,0.7,-1.42,-1.22,-0.52,-0.98,-0.71703,0.9839,-0.25
2017,10,-0.77,0.179,1.8,-0.92,1.7,-1.12,-1.18,-0.44,-0.98,-0.84826,1.2752,-1.12
2017,11,-0.7,-0.188,-0.8,-0.85,0,-0.97,-0.9,-0.35,-0.78,-0.2424,1.0411,-0.13
2017,12,-0.79,-0.546,2.4,-0.7,0.5,-1.35,-0.93,-0.22,-0.8,-0.47027,0.1405,-1.45
2018,1,-1.29,-0.509,0.8,-0.5,1.2,-1.03,-0.62,0.02,-0.51,-0.3192,-1.1662,-0.49
2018,2,-0.91,-0.299,0.6,-0.22,1,-0.75,-0.33,0.16,-0.2,-0.11709,-0.0766,-0.26
2018,3,-0.51,-0.713,-0.2,-0.01,1,-0.72,0.01,0.24,0.04,0.17841,-0.0119,0.31
2018,4,-0.17,-0.07,0.4,0.09,0.2,-0.4,0.11,0.23,0.12,-0.05495,0.3768,0.2
2018,5,0.36,-0.122,-0.5,0.23,0.3,-0.27,-0.06,0.45,0.09,0.10955,-0.3428,0.45
2018,6,0.52,-0.137,-1.5,0.49,0.2,-0.08,0.35,0.58,0.47,0.11905,1.4584,1.07
2018,7,0.41,-0.428,0.6,0.76,0.3,0.16,0.75,0.95,0.9,0.26692,0.5303,0.24
2018,8,0.26,-0.517,-0.1,0.9,-0.5,0.81,0.9,0.92,0.9,0.36731,0.9907,0.62
2018,9,0.13,-0.229,1.7,0.81,-0.3,1.05,0.92,0.91,0.89,0.28784,0.9299,-0.23
2018,10,0.08,-0.302,-0.1,0.75,-0.7,0.83,0.6,0.76,0.65,0.19336,0.6767,0.36
2018,11,0.52,-0.507,-2.3,0.72,-1.8,0.52,0.59,0.71,0.71,1.28877,-0.4996,1.58
2018,12,0.77,-0.212,-0.5,0.71,-1.2,0.12,0.64,0.64,0.81,1.0228,0.7446,0.92
2019,1,0.33,0.206,0.2,0.66,-0.8,0.3,0.55,0.52,0.62,0.30068,0.3358,0.72
2019,2,0.26,0.44,-0.7,0.54,-0.7,0.2,0.5,0.54,0.55,1.10183,0.3346,1.15
2019,3,0.35,0.036,-0.7,0.45,-0.3,-0.34,0.2,0.61,0.45,-0.31736,1.465,0.83
2019,4,0.24,0.551,-0.6,0.28,0.1,-0.69,-0.1,0.76,0.35,0.75425,-0.3897,0.8
2019,5,0.3,0.247,-0.2,0.14,0,-0.76,-0.32,0.65,0.04,0.5958,-1.0804,0.22
2019,6,0.15,0.174,-1.9,0.19,0.5,-0.71,-0.27,0.58,0.03,1.11256,0.563,0.99
2019,7,0.27,-0.703,-0.6,0.35,0.4,-0.74,0.16,0.75,0.48,0.27144,-0.9252,0.66
2019,8,0.45,-0.339,-1.4,0.51,-0.1,-0.11,0.33,0.76,0.52,1.02508,-1.8398,1.07
2019,9,0.41,0.014,-0.9,0.55,-0.2,-0.04,0.24,0.87,0.52,0.45743,-1.3599,0.73
2019,10,0.29,-1.21,0.3,0.5,-0.7,-0.37,0.22,0.85,0.6,0.42295,-0.2312,0.2
2019,11,0.3,-1.132,-0.1,0.48,-1.3,0.02,0.1,0.78,0.37,0.65455,0.2746,0.3
2019,12,0.15,-1.423,-0.2,0.4,0.1,-0.06,0.2,0.75,0.48,-0.09639,1.4264,0.52
2020,1,-0.11,-1.083,0.3,0.19,0.7,0.28,0.27,0.52,0.36,-0.69421,-0.4752,0.48
2020,2,-0.24,-0.455,0.7,-0.08,0.7,-0.14,-0.33,0.09,-0.27,-0.52105,0.5766,-0.42
2020,3,-0.73,-0.81,-0.6,-0.3,1.1,-0.7,-0.69,0.12,-0.34,-0.69097,1.0708,-0.02
2020,4,-1,-0.936,0.7,-0.41,0.8,-1.28,-0.59,-0.01,-0.3,-1.05615,-0.5464,-0.44
2020,5,-0.99,-1.238,1.8,-0.57,0.8,-1.05,-0.61,-0.31,-0.59,-0.48873,-0.7205,-1.28
2020,6,-1.19,-1.052,1.5,-0.89,0.8,-1.22,-0.99,-0.55,-0.83,-0.70276,0.1943,-1.24
2020,7,-1.2,-0.687,0.8,-1.17,1.1,-0.6,-1.1,-0.8,-1.26,-1.30303,1.2636,-1.19
2020,8,-1.15,-1.499,1.1,-1.27,1.2,-0.58,-1.21,-0.9,-1.42,-0.90166,0.8132,-1.19
2020,9,-1.16,-0.956,3,-1.19,1.8,-0.6,-0.82,-1,-1.15,-0.89833,1.4813,-1.86
2020,10,-1.2,-0.559,3.2,-1.05,2.2,-0.88,-0.62,-1.05,-1,-1.15912,1.0446,-1.87
2020,11,-0.95,-0.867,2.5,-0.93,1.1,-0.86,-0.73,-0.96,-1,-0.53245,1.3435,-1.84
2020,12,-0.79,-1.33,0.6,-0.84,1.5,-0.75,-0.69,-0.65,-0.8,-0.91295,0.0858,-0.55
2021,1,-0.96,-1.436,0.6,-0.66,0.1,-0.94,-0.79,-0.43,-0.72,-0.44219,0.8274,-0.42
2021,2,-1.06,-1.591,0.8,-0.48,0.2,-0.79,-0.56,-0.21,-0.46,-1.18542,0.3138,-0.45
2021,3,-1.11,-1.641,0.7,-0.38,0.8,-0.37,-0.32,-0.14,-0.28,0.28266,1.1792,-0.25
2021,4,-1.53,-1.537,2.3,-0.4,0.3,-0.21,-0.32,-0.23,-0.39,-0.6034,-0.4595,-1.05
2021,5,-1.34,-0.763,1,-0.49,1,-0.29,-0.45,-0.28,-0.53,-0.92122,-0.2268,-0.73
2021,6,-1.41,-1.625,1.3,-0.67,0.7,-0.7,-0.43,-0.54,-0.55,-1.23097,1.3364,-0.7
2021,7,-1.47,-2.662,1.2,-0.81,1.2,-0.87,-0.78,-0.73,-0.94,-0.5642,0.4532,-1.04
2021,8,-1.4,-2.467,1.6,-0.98,1.4,-1.12,-1.03,-0.68,-0.94,-1.2019,1.3211,-1.14
2021,9,-1.21,-2.417,2.5,-0.98,1.1,-1.69,-1.27,-0.74,-1.06,-1.42537,2.1548,-1.6
2021,10,-1.02,-2.052,0.8,-0.97,1.1,-1.11,-1.31,-0.37,-0.94,-0.33326,0.8252,-0.78
2021,11,-0.97,-1.585,1.8,-0.93,1.6,-1.58,-1.14,-0.37,-0.89,-1.21816,0.6432,-1.4
2021,12,-1.3,-1.362,2.9,-0.99,1.8,-0.76,-0.73,-0.69,-0.97,-0.89207,0.5584,-1.86
2022,1,-1.61,-1.805,2.8,-1.06,1.6,-1.4,-0.92,-0.83,-1.11,-1.1236,0.5319,-1.81
2022,2,-1.68,-2.03,2.4,-0.99,1.5,-1.66,-1.05,-0.8,-1.11,-0.90473,0.0965,-2.03
2022,3,-1.95,-1.402,2.8,-0.85,1,-1.49,-0.81,-0.7,-0.75,-0.64836,-0.8713,-1.5
2022,4,-2.22,-2.223,1.3,-0.81,0.8,-1.2,-0.53,-0.98,-0.69,-1.83128,0.4467,-1
2022,5,-1.79,-1.945,1.7,-0.91,1.2,-0.6,-0.67,-1.09,-0.98,-1.23034,0.7313,-1.52
2022,6,-1.78,-1.724,2.7,-1.01,1.2,-1.02,-0.96,-1.17,-1.07,-1.16183,1.4685,-1.87
2022,7,-1.75,-1.346,2.8,-0.99,1.2,-1.79,-1.1,-1.12,-0.98,-1.19816,0.3303,-1.78
2022,8,-1.53,-1.986,0.5,-0.92,1.3,-1.13,-0.94,-0.99,-0.9,-0.7904,1.7134,-0.62
2022,9,-1.26,-1.837,3.5,-0.82,1.7,-0.46,-0.81,-0.84,-0.85,-1.23068,1.7004,-2.01
2022,10,-1.12,-0.96,2.3,-0.71,1.8,-0.57,-0.55,-0.66,-0.71,-0.98883,2.3037,-1.29
