"date","3414001","3421001","3430003","3820001","4302001","4311001","4313001","4320001","4501001","4503001","4511002","4513001","4515002","4522002","4531002","4703002","5100001","5101001","5200001","5401003","5410002","5411001","5414001","5707002","5710001","5721001","5722001","5722002","5730008","5741001","6003001","6008005","6013001","6027001","6028001","7103001","7104002","7112001","7115001","7117008","7317005","7321002","7330001","7350003","7354002","7355002","7358001","7381001","8104001","8106001"
2022-06-01,6.16973972320557,6.39263248443604,4.57080173492432,5.85367870330811,7.90279483795166,8.93717384338379,9.25807857513428,6.9546046257019,11.805230140686,8.27499961853027,9.31804370880127,8.1219367980957,11.0955963134766,11.0920486450195,6.3150806427002,3.96491980552673,5.217933177948,3.17827105522156,5.17957544326782,3.8188579082489,3.97217011451721,4.74168109893799,4.71619653701782,3.43874049186707,3.76705622673035,3.76419997215271,3.95275139808655,3.46222400665283,2.0421998500824,5.20983362197876,6.15054845809937,5.72772073745728,4.75552177429199,4.20642566680908,5.07061195373535,2.87384581565857,3.14687275886536,2.39502692222595,2.51430439949036,2.27459597587585,0.75636214017868,1.05587482452393,0.556252300739288,0.602351784706116,0.723244309425354,0.811006426811218,0.725735545158386,0.255052149295807,0.460262835025787,0.488736838102341
2022-06-02,0.0314910672605038,0.053562730550766,0.0200269222259521,0.160323485732079,1.29687869548798,1.46766948699951,1.68028032779694,1.12888383865356,2.36946201324463,1.05527472496033,2.70789408683777,2.18646025657654,1.55838716030121,1.20623123645782,1.21178376674652,2.82264971733093,1.80508184432983,0.95694226026535,1.91554033756256,6.79538488388062,4.49127578735352,2.01911067962646,2.54855990409851,5.61934757232666,6.36476421356201,4.69506645202637,2.10698080062866,3.89627122879028,1.14814531803131,0.655076682567596,8.23387241363525,6.99573230743408,4.8004322052002,5.95619535446167,7.24149417877197,7.32091379165649,6.69699144363403,7.41740322113037,8.17515182495117,7.26490449905396,8.63110828399658,7.50898313522339,12.5859336853027,10.5920171737671,10.1656446456909,9.31596183776855,10.3113574981689,10.928825378418,11.7333507537842,13.3389053344727
2022-06-03,0.014950567856431,0.0308859683573246,0.00975218880921602,0.728625535964966,6.84693288803101,7.00566720962524,8.25005531311035,5.67824745178223,10.8368864059448,5.09489917755127,15.1869421005249,13.1057939529419,8.93293762207031,6.87499332427979,9.02484798431396,26.9541492462158,22.9566326141357,15.8772983551025,23.6587619781494,44.8178901672363,36.8864555358887,25.0873317718506,28.6827297210693,40.2052345275879,43.8379020690918,37.1839179992676,25.30784034729,34.4569282531738,22.4577732086182,13.4838447570801,57.106071472168,52.6070022583008,48.4119567871094,49.2787704467773,54.3651237487793,58.7094955444336,55.6844024658203,56.5715217590332,58.1614036560059,56.1440811157227,50.8044853210449,48.8060569763184,54.2443161010742,56.1794471740723,55.6914176940918,55.1457443237305,47.2191848754883,34.5313873291016,51.534839630127,51.9654197692871
2022-06-04,0.107174262404442,0.204991817474365,0.0599882677197456,1.20191097259521,6.23722696304321,4.12174463272095,5.50661277770996,5.12869310379028,5.90005874633789,2.79731917381287,4.22002410888672,2.92454266548157,3.48538708686829,3.02967810630798,0.923146903514862,4.50655746459961,3.60021543502808,0.905148804187775,3.80977296829224,11.6306238174438,7.57018184661865,3.91841864585876,5.05492687225342,15.2864894866943,19.6090106964111,10.3177328109741,5.33432149887085,9.75696086883545,4.40209436416626,0.835711240768433,26.8189315795898,22.2611961364746,15.1308355331421,14.6631889343262,21.1890983581543,21.023006439209,20.6752014160156,21.1906356811523,21.0969409942627,19.9431037902832,19.7278251647949,18.1704025268555,34.1199226379395,29.7535133361816,24.6978931427002,21.6405296325684,18.2108974456787,14.7276620864868,26.9793529510498,30.8753719329834
2022-06-05,4.55881786346436,4.84961271286011,5.6922492980957,2.95273375511169,3.68452310562134,2.23953247070312,2.91316795349121,3.27501440048218,3.07499074935913,1.55289304256439,1.55791008472443,1.06365895271301,1.62525570392609,1.51563501358032,0.304229497909546,0.984606742858887,1.21596717834473,0.0752370581030846,1.26974475383759,3.15090990066528,2.09182715415955,1.1509770154953,1.43685340881348,2.95985889434814,2.65730142593384,2.69741153717041,1.44355487823486,2.30069208145142,0.94034206867218,0.121999107301235,2.51548552513123,2.17292022705078,1.16456735134125,0.434753566980362,1.22946262359619,1.15898811817169,0.997381985187531,1.27871704101562,1.23467266559601,1.11437880992889,1.5099812746048,1.17156088352203,1.84828245639801,2.00598692893982,1.63216376304626,1.3503532409668,1.09653830528259,0.881726920604706,1.76285779476166,1.81209945678711
2022-06-06,0.000391758017940447,0.000385807681595907,0.000471929961349815,0.0013830668758601,0.00242857355624437,0,0,0.000347819353919476,0,0,0,0,0,0,0,0,0,0,0,0,0,0,0,0,0,0,0,0,0,0.00235655670985579,0,0,0.00423739571124315,0,8.59248539200053e-05,0,0,0,0,0,0.000312977790599689,0.000123017525766045,0.0184033550322056,0.00177082850132138,0.0010355421109125,0.000116298862849362,0.00744924833998084,0.0332385897636414,0.0101229967549443,0.0400345176458359
2022-06-07,0,0,0,0.00206618988886476,0.00327010662294924,0.00475373305380344,0.00219164066947997,0.00336332968436182,0.00816846825182438,0.00392716098576784,0.000858279236126691,0.0014050001045689,0.000706175342202187,0.00142496731132269,0.000259081280091777,0.00406811013817787,0.00113413180224597,0,0.00135266128927469,0.00213878671638668,0.00242371740750968,0,0.00356156635098159,4.50404659204651e-05,1.54181925609009e-05,0,9.2106329248054e-06,7.51486231820309e-06,0,0.00518186623230577,0,0,0.0015800460241735,0,3.20397775794845e-05,0,0,0,0,0,0.00703409919515252,0.00304573448374867,0.0856521725654602,0.0212788209319115,0.005454964004457,0.00335713592357934,0.112883426249027,0.117629811167717,0.103540152311325,0.447038203477859
2022-06-08,0.000539525470230728,0.00547390757128596,0.000879085040651262,0.0574827156960964,0.137647584080696,0.00272363261319697,0.00414643716067076,0.112397544085979,0.00447225477546453,0.00250868732109666,0.0049569858238101,0.00395365571603179,0.00087453325977549,0.000558785279281437,0.000266590883256868,0.000399238284444436,0,0,1.64557127391163e-06,0.0026151102501899,0.000899382750503719,0,0.000547632691450417,0.00106545898597687,0.00116569094825536,0,0,0,0,0.00725458515807986,9.3015274615027e-05,0.000185441007488407,0.0161595623940229,0.00229011150076985,0.000820444663986564,0.00371876615099609,0.00175786879844964,0.00438858801499009,0.00754827074706554,0.0058799721300602,0.468997001647949,0.274153113365173,0.869341194629669,0.425488024950027,0.452580362558365,0.413025796413422,0.414885640144348,0.211191728711128,0.734710454940796,1.09491121768951
2022-06-09,0,0,0,0.0010195781942457,0.00498354528099298,0,0,0.000914164178539068,0,0,0,0,0,0,0,0,0,0,0,0,0,0,0,0,0,0,0,0,0,0.00195589335635304,0,0,0.000143640543683432,0,2.91270703201008e-06,0,0,2.46267944703504e-07,0,1.13465034701221e-07,0.000142490622238256,0.00031020599999465,0.000150611609569751,0.000116119910671841,0,2.07196753763128e-05,0,0,0.00044219585834071,0.000178105794475414
2022-06-10,0,0,0,0,0,0,0,0,0,0,0,0,0,0,0,0,0,0,0,0,0,0,0,0,0,0,0,0,0,0,0,0,0,0,0,0,0,0,0,0,0,0,0,0,0,0,0,0,0,0
2022-06-11,0,0,0,0,0,0,0,0,0,4.32596971222665e-05,0,0,0,0,0,0,0,0,0,0,0,0,0,0,0,0,0,0,0,0,0,0,0,0,0,0,0,0,0,0,0,0,8.16354088328808e-07,0,0,0,0.0198910590261221,0.0626219362020493,0,0
2022-06-12,0,0,0,0,0,0,0,0,0,0,0,0,0,0,0,0,0,0,0,0,0,0,0,0,0,0,0,0,0,0,0,0,0.000466831756057218,0,9.46629825193668e-06,0,0,0,0,0,0,0,0.00128524133469909,0,0.000301084306556731,0,0.0609954111278057,0.138029873371124,0,0.000137631184770726
2022-06-13,0,0,0,0,0,0,0,6.25372704234906e-05,0,0.0130683975294232,0,0.000116810144390911,0.00218415353447199,0.00494919205084443,0.00468483474105597,0.000453467277111486,0.00300852116197348,0.00382360373623669,0.00282254442572594,0,0.00390999717637897,0.027554614469409,0.00113359047099948,6.73665126669221e-05,0.00129296584054828,0,0.0476780012249947,0.011345892213285,0.0670894980430603,0.040375005453825,2.51238270720933e-05,1.11277977339341e-05,0.00718202767893672,0.0179175809025764,0.00400238996371627,0.00882119778543711,0.00580635666847229,0.00501741468906403,0.00311096361838281,0.00711615942418575,0.00262244557961822,0.00178135221358389,0.16762113571167,0.0495580919086933,0.0897639989852905,0.121611349284649,0.22509577870369,0.264979332685471,0.0400607250630856,0.0802759751677513
2022-06-14,0,0,0,0,0,0,0,2.07028442673618e-05,0,0.014174222946167,0,0.000379632954718545,0.00236902385950089,0.0050636064261198,0.00543780857697129,0.00527651142328978,0.0328394286334515,0.00119784451089799,0.0332997217774391,0.0038382678758353,0.0683961734175682,0.539003074169159,0.0242205075919628,0.0151979625225067,0.165803864598274,0.0107822408899665,1.01989603042603,0.140290066599846,0.449586749076843,0.2054333537817,0.623864114284515,0.434947490692139,0.168995887041092,0.334412157535553,0.563018023967743,0.802455842494965,0.762311577796936,0.852826178073883,1.04337644577026,0.777991473674774,1.353196144104,1.05204498767853,15.0600233078003,10.8294019699097,5.50287294387817,3.3292543888092,4.79248237609863,6.05087327957153,8.07116985321045,9.81049251556396
2022-06-15,0.00189159822184592,0.0051192520186305,0.00122080929577351,0.0537603683769703,0.0947622209787369,0.203703239560127,0.233990579843521,0.16413913667202,0.323450416326523,0.445422261953354,0.417482197284698,0.437714040279388,0.274456918239594,0.239092379808426,0.791112899780273,0.478318989276886,2.68314599990845,0.987575590610504,2.57247185707092,0.513051569461823,0.765726268291473,2.64981746673584,1.46948945522308,0.513818740844727,1.45923972129822,0.454814523458481,1.66722130775452,0.685716390609741,1.10283803939819,0.630757629871368,3.13330149650574,3.30203199386597,1.88906466960907,1.75332534313202,1.49618113040924,1.33099055290222,1.15489327907562,1.24362671375275,1.79634940624237,1.42249250411987,0.294526070356369,0.763242483139038,0.220247194170952,0.16606779396534,0.218961521983147,0.43065071105957,0.417563378810883,0.00671876361593604,0.141638159751892,0.134102955460548
2022-06-16,0.565672278404236,0.449717044830322,0.42218428850174,0.882638454437256,0.613228619098663,1.81479692459106,1.1841539144516,1.25246596336365,2.80588436126709,2.55204653739929,1.69361913204193,1.78048419952393,2.04295015335083,2.36553883552551,2.91183662414551,0.681469798088074,1.85046887397766,1.36397659778595,1.71080124378204,0.42636975646019,0.424493342638016,0.491190940141678,0.816245257854462,0.339095443487167,0.503283500671387,0.336972236633301,0.522431254386902,0.373854041099548,0.405804306268692,0.145605117082596,0.395311802625656,0.425269603729248,0.249246343970299,0.16859994828701,0.145918622612953,0.668444275856018,0.400657176971436,0.776591956615448,0.761067450046539,0.703149914741516,0.575641691684723,0.606235682964325,0.0774897038936615,0.178331211209297,0.286635547876358,0.330025970935822,0.21577113866806,0.00154894939623773,0.272456705570221,0.426183968782425
2022-06-17,0,0,0,0,0.000179167109308764,0,0,0.000158175898832269,0,0,0,0,0,0,0,0.000233094120630994,0,0,0,0.0243948828428984,0.0117985568940639,0,0.00109205313492566,0.00608855113387108,0.00286456965841353,0.00762380613014102,0.00133801973424852,0.00478651933372021,0,0,0.000326476874761283,0.000261699664406478,0,0,0,0,0,0,0,0,0.00299527356401086,0.00137316645123065,0.0060997698456049,0.00471416022628546,4.56491252407432e-05,0,0,3.46133929269854e-05,0.0545146502554417,0.246589004993439
2022-06-18,0,0,0,4.26321748818737e-05,0.000614813179709017,0,4.64959994133096e-05,0.000591189309488982,0,0,8.68236384121701e-06,3.8346793189703e-06,0,0,0,0.00260394159704447,0,0,0,0.157013788819313,0.0698282942175865,0,0.0100029474124312,0.140192642807961,0.209529101848602,0.080485612154007,0.0122023532167077,0.0561592727899551,0,0,0.559413433074951,0.324467211961746,0.0824915617704391,0.094477154314518,0.514057815074921,0.18187041580677,0.294758230447769,0.252762138843536,0.141480058431625,0.173245623707771,0.0398293025791645,0.0738981962203979,0.000489487720187753,0.00541387451812625,0.00918412581086159,0.00645384332165122,1.28276269606431e-07,0.00101149140391499,0.0056040002964437,0.00222140131518245
2022-06-19,0,0,0,0,0,0,0,3.22303753819142e-06,0,0,0,0,0,0,0,0.0011075142538175,0,0,0,0.163900747895241,0.070875458419323,0,0.00493254698812962,0.166788130998611,0.187833070755005,0.103683769702911,0.015488681383431,0.0708124935626984,0,0,0.317006081342697,0.189102232456207,0.0173743292689323,0.051010500639677,0.301484405994415,0.175116539001465,0.237508982419968,0.434345185756683,0.419499218463898,0.339061260223389,0.835815668106079,0.706541359424591,0.300718128681183,0.329309016466141,0.228428885340691,0.121357031166553,0.000519712280947715,0.000101107136288192,0.919043302536011,1.1011551618576
2022-06-20,0.0215751342475414,0.0324442572891712,0.0181629974395037,0.0329506136476994,0.0676349699497223,0.00227558356709778,0.00554102240130305,0.0198264829814434,0.00292818318121135,0.0226977374404669,0,0,0.000233111553825438,0.000553092861082405,0.00153946422506124,0.00271461834199727,0.0165645480155945,0.0182818286120892,0.0153633262962103,0.0944601073861122,0.0440472215414047,0.00185149593744427,0.00921462569385767,0.0903690308332443,0.123678155243397,0.0620795637369156,0.0304922666400671,0.0476587414741516,0,0.0129266865551472,0.393609642982483,0.248744934797287,0.16940812766552,0.182273790240288,0.476788282394409,0.178805947303772,0.223156094551086,0.205810070037842,0.142329841852188,0.150161921977997,0.159464433789253,0.12985634803772,0.147071465849876,0.0983615443110466,0.0404756404459476,0.0155859617516398,0.00120756984688342,0.000326094188494608,0.417865216732025,0.724310874938965
2022-06-21,2.73387765884399,2.86495661735535,1.73431265354156,4.75164604187012,5.25572872161865,6.64838552474976,5.83520555496216,5.58674240112305,6.505446434021,7.10670948028564,4.06561374664307,4.20296955108643,4.78979587554932,5.11832046508789,5.46547222137451,1.44652509689331,1.87305164337158,0.8173588514328,1.89587259292603,1.08364689350128,0.75725781917572,0.223050802946091,1.42389369010925,0.685248911380768,0.464274197816849,0.596617341041565,0.509518325328827,0.455103844404221,0.130693823099136,2.08087801933289,0.5871222615242,0.382375508546829,0.262803256511688,0.344687551259995,0.869043052196503,0.667775630950928,0.71503484249115,0.834022104740143,0.791820645332336,0.669791340827942,0.31291276216507,0.473162949085236,0.0496582575142384,0.10449431091547,0.130063593387604,0.123932987451553,0.113040506839752,1.18383705615997,0.169214010238647,0.187877267599106
2022-06-22,3.86134028434753,2.61306309700012,2.26606822013855,4.92020845413208,7.11858606338501,9.10316276550293,9.93604183197021,8.15726184844971,10.4622964859009,7.16558218002319,6.07393407821655,5.44863939285278,5.84523820877075,5.89208030700684,4.69334936141968,2.6875627040863,3.48013663291931,1.7075811624527,3.47438859939575,5.55422735214233,4.14098405838013,4.49456024169922,2.95474195480347,5.34394884109497,6.73299932479858,5.09597015380859,5.29959058761597,5.39739418029785,6.81938600540161,13.7492980957031,11.2292556762695,11.863941192627,13.6629209518433,17.3705654144287,17.3265438079834,16.0425148010254,14.7707901000977,15.6008949279785,16.6415309906006,15.7603673934937,12.1088466644287,12.179783821106,13.2282848358154,12.7290773391724,12.2254600524902,11.987585067749,10.8604669570923,18.9742393493652,12.8339004516602,14.5072984695435
2022-06-23,0.0279788579791784,0.0603276155889034,0.0158316474407911,0.591835677623749,3.29739379882812,2.03892588615417,2.62549161911011,2.15984463691711,3.06103229522705,1.41112518310547,2.39170145988464,1.82024085521698,1.58271849155426,1.31005871295929,1.04693067073822,2.69916033744812,3.58153510093689,2.28205871582031,3.55863761901855,8.75709915161133,6.34444379806519,4.36179733276367,3.66372919082642,8.96517753601074,13.0350570678711,8.16248226165771,6.42151927947998,8.00154495239258,6.70306825637817,9.98568725585938,28.3400897979736,25.127721786499,22.950511932373,22.1993370056152,28.0938167572021,26.0445652008057,26.6427268981934,23.5668888092041,25.6170291900635,22.4430236816406,19.5455837249756,16.6246070861816,34.1770935058594,29.235912322998,22.9822540283203,19.2379627227783,16.1318531036377,19.8386974334717,29.5637493133545,34.2300033569336
2022-06-24,0.841365218162537,0.59652578830719,1.15886688232422,0.549837470054626,0.738214492797852,0.222788378596306,0.305555999279022,0.342487901449203,0.404255092144012,0.159473329782486,0.578745067119598,0.456272780895233,0.21660341322422,0.149357259273529,0.194638401269913,1.87206709384918,0.86452853679657,0.0706241875886917,0.961324870586395,6.24064159393311,3.44837975502014,0.40101221203804,1.75348615646362,4.72365236282349,4.3542652130127,3.19535517692566,0.721801400184631,2.39956545829773,0.169139578938484,0.0363017506897449,4.30520009994507,2.83247208595276,0.648229897022247,0.673966526985168,2.88936853408813,1.54324424266815,2.05220556259155,2.80037903785706,2.56245970726013,2.16872215270996,2.232417345047,2.64384698867798,1.0332840681076,0.925638735294342,0.692204117774963,0.400755792856216,0.162452787160873,0.33353990316391,2.18582916259766,2.37300252914429
2022-06-25,25.8229942321777,24.2807464599609,23.3472537994385,17.052921295166,16.343957901001,1.72207534313202,2.90666127204895,5.66127586364746,2.19267416000366,0.936363816261292,0.334047585725784,0.19006983935833,0.340313017368317,0.342377692461014,0.0113263595849276,0.156486809253693,0.705967247486115,0.0245310496538877,0.710545659065247,0.417597711086273,0.325128197669983,1.37239396572113,0.539084017276764,0.524746239185333,1.1022253036499,0.392299294471741,1.03368318080902,0.381177723407745,0.0609904490411282,0.521948873996735,3.83492112159729,3.05698394775391,2.18614506721497,0.613907992839813,1.40498769283295,0.982122957706451,0.923565685749054,1.70173859596252,3.35386061668396,1.82265877723694,0.510445833206177,0.835026860237122,0.10777697712183,0.143377274274826,0.113848119974136,0.0599234811961651,0.00103597866836935,0.00413866108283401,0.548911273479462,0.479360938072205
2022-06-26,13.6785583496094,15.0216197967529,14.1176071166992,9.49570083618164,9.72098350524902,5.89358377456665,6.66594266891479,8.99206161499023,8.77774715423584,6.06296300888062,3.29924583435059,2.39348316192627,4.11701202392578,4.27317476272583,1.63083696365356,0.703101754188538,1.62727737426758,0.405041009187698,1.59856283664703,1.55490779876709,0.980890929698944,0.284150153398514,1.22363638877869,1.74896764755249,2.9652214050293,1.4053943157196,0.753932058811188,1.14467692375183,0.168377220630646,0.0551697351038456,8.53821182250977,6.14163732528687,4.00814723968506,0.46501150727272,2.41698026657104,0.627978980541229,1.16875445842743,0.53701639175415,0.42361244559288,0.407501012086868,0.129260659217834,0.148972570896149,2.42706847190857,0.280202776193619,0.25688499212265,0.0674544721841812,0.19578118622303,0.114647746086121,0.526069045066833,1.68737685680389
2022-06-27,15.442756652832,14.1431665420532,12.840145111084,10.5566244125366,11.280800819397,10.6130542755127,11.482442855835,13.1899175643921,13.2655668258667,13.0927515029907,9.33597087860107,8.47688579559326,13.9650087356567,14.5511531829834,7.36317682266235,6.51376914978027,9.22768402099609,12.0448608398438,8.93087387084961,2.06566834449768,3.07921266555786,2.38331079483032,7.50100946426392,4.04783201217651,4.16630268096924,6.02607393264771,6.98211336135864,6.14124536514282,6.1359658241272,5.89202356338501,5.20036458969116,5.6862096786499,5.95541715621948,5.5471043586731,4.68880987167358,7.37872171401978,6.80295610427856,5.89298629760742,5.85529327392578,5.68499135971069,4.02674627304077,3.8049042224884,2.71075248718262,3.43194031715393,3.22908902168274,3.0608594417572,1.63568234443665,0.647263526916504,3.18300652503967,3.13659572601318
2022-06-28,0,0,0.000302441621897742,1.64514985954156e-05,0,0,0,0,0,0,0,0,0,0,0,0,0,0,0,0.0770233720541,0.0299759358167648,0,0,0.0543329454958439,0.102986730635166,0.0330001898109913,0.00539052486419678,0.0205796100199223,0,0.000339828169671819,0.530007541179657,0.29892885684967,0.354558706283569,1.70261919498444,1.3741295337677,2.16630601882935,2.4026460647583,2.23996472358704,4.31410980224609,3.47244071960449,9.1082820892334,7.48076915740967,19.4563961029053,13.9355154037476,9.91589164733887,7.74742841720581,5.50820589065552,1.25693535804749,15.2572116851807,22.1557369232178
2022-06-29,0,0,0,0,0,0,0,0,0,0,0,0,0,0,0,0.000116547060315497,0,0,0,0.57695198059082,0.222411975264549,0,0.000765729346312582,0.739569962024689,1.69413411617279,0.307239383459091,0.0471509993076324,0.227611497044563,0,0,5.48399114608765,3.62065649032593,3.7918529510498,11.4969625473022,10.6354150772095,18.2509117126465,17.6348476409912,18.4230289459229,18.809061050415,18.1171398162842,23.0299072265625,21.1511306762695,25.1450881958008,25.3669300079346,24.5033321380615,23.457612991333,19.6270160675049,5.37281131744385,23.7614669799805,23.7767467498779
2022-06-30,0,0,0,0,0,0,0,0.000135292109916918,0.000170456813066266,0.0208786372095346,0.00318916561082006,0.0108693428337574,0.00781129719689488,0.0113764759153128,0.0442075580358505,0.365922927856445,0.339586019515991,0.101235322654247,0.351420104503632,4.25859498977661,3.21641039848328,2.91959118843079,1.05985426902771,7.98412656784058,11.4279489517212,5.2935357093811,3.67425131797791,5.78110027313232,5.72831058502197,5.488694190979,23.4105224609375,20.9711380004883,24.7131290435791,28.7253913879395,28.3710899353027,31.7090282440186,30.5623340606689,33.2519836425781,33.618896484375,33.1894302368164,38.7210502624512,36.3469200134277,42.2952423095703,41.5068054199219,36.3170433044434,33.6038398742676,29.3082313537598,23.0898246765137,44.3823051452637,45.6930160522461
2022-07-01,0,0,0,0.0535682141780853,1.53328084945679,0.173155516386032,0.325749218463898,0.639610826969147,0.372806131839752,0.326270192861557,4.9476146697998,5.1859016418457,1.91449415683746,0.940337061882019,7.18854570388794,19.3671531677246,22.1881370544434,16.2281398773193,22.3017768859863,22.4346313476562,22.3001251220703,18.4928493499756,23.5660629272461,24.7693271636963,27.7177581787109,23.6450176239014,20.8662528991699,23.6351757049561,20.0762042999268,16.2466087341309,31.5677642822266,30.4578838348389,26.9046497344971,24.7116451263428,26.8605079650879,24.6662158966064,26.7000617980957,21.3867835998535,20.5174598693848,19.7306518554688,20.0143280029297,18.783992767334,19.5217819213867,22.3989067077637,21.4311981201172,21.35524559021,17.6633682250977,6.07831335067749,19.85498046875,19.2948627471924
2022-07-02,0,0,0,1.64514985954156e-05,0.0016572957392782,0.000877325655892491,0.00092244817642495,0.00204886752180755,0.00216890848241746,0.000880633248016238,0.00481003243476152,0.00478994147852063,0.00139402516651899,0.00109919032547623,0.000929178961087018,0.148953452706337,0.0350246578454971,0,0.0391009710729122,1.21397411823273,0.675203859806061,0.0147030549123883,0.249437928199768,1.14619207382202,1.2410581111908,0.621122360229492,0.0951643064618111,0.494242012500763,0.00381190306507051,7.49718019505963e-05,0.86033970117569,0.61974710226059,0.0344542935490608,0.217104390263557,0.607870042324066,1.53745484352112,1.11763250827789,2.64073991775513,3.90038347244263,2.99688053131104,7.79128408432007,6.99382877349854,9.28315353393555,8.86276245117188,7.71619033813477,6.6698899269104,4.68107032775879,0.878165781497955,9.11407375335693,10.3148164749146
2022-07-03,0,0,0,0.000459704198874533,0.0198838673532009,0.00724793411791325,0.00657521421089768,0.00673436094075441,0.058975275605917,0.0216061677783728,0.0623354464769363,0.0296044871211052,0.0965272560715675,0.0794869214296341,0.000446821330115199,0.627490639686584,0.234631851315498,0,0.262344658374786,6.04955911636353,3.15303611755371,0.261605471372604,1.20315849781036,5.47475719451904,4.75020027160645,3.124671459198,0.614298760890961,2.42763686180115,0.117406614124775,0,3.62775588035583,2.52849292755127,0.859200060367584,1.09967291355133,2.09152698516846,3.11778831481934,3.20816826820374,3.46867704391479,3.8148558139801,2.94350862503052,13.5769720077515,8.78554916381836,16.6884841918945,16.8083877563477,12.8364744186401,10.0122842788696,5.24887466430664,1.28898191452026,17.8690967559814,18.7066059112549
2022-07-04,0,0,0,0,0.000985419028438628,0.00965343322604895,0.00817636679857969,0.00312889530323446,0.0945647582411766,0.0346447229385376,0.0987749770283699,0.0455624610185623,0.195018887519836,0.164421796798706,0.00023379384947475,0.0643230080604553,0.022482493892312,0,0.0251114666461945,0.278198719024658,0.167770847678185,0.00860400963574648,0.0965368375182152,0.153471857309341,0.14449480175972,0.0861490070819855,0.0295772366225719,0.0663084164261818,0.000435646070400253,0.00224747788161039,0.122768945991993,0.0804027765989304,0.0032432465814054,0.0403524078428745,0.13252255320549,0.469015896320343,0.33262312412262,0.840815305709839,1.19998490810394,0.782065868377686,3.91637349128723,2.60120010375977,3.24264359474182,3.68169832229614,3.06675863265991,2.42906045913696,1.31151986122131,0.297288596630096,3.52510976791382,3.47035002708435
2022-07-05,0,0,0,0,0,0,0,5.40171095053665e-06,0.000195611894014291,0.00184902490582317,0.00192997383419424,0.00146826251875609,0.000788550125434995,0.000759153801482171,0.000121149801998399,0.000187863508472219,0,0,1.81012837856542e-05,0.128988847136497,0.0481407530605793,0,0.000979764969088137,0.351851254701614,1.12312269210815,0.0658914670348167,0.00983238592743874,0.0642502456903458,0,0.00284087657928467,5.74567317962646,4.11738252639771,4.17590522766113,6.26249837875366,7.12108135223389,12.7579126358032,11.0355024337769,15.8855581283569,18.3428039550781,15.9322052001953,31.3220863342285,25.8359928131104,39.6166343688965,34.2366676330566,29.0937347412109,25.2677612304688,19.7706489562988,12.226598739624,38.9884910583496,44.656982421875
2022-07-06,0,0,0,0.000307768088532612,0.0125456852838397,0,0,0.00249179010279477,0,0,0,0,0,0,0,0.0550727993249893,0.00440309941768646,0,0.00596196576952934,2.63480496406555,1.32120954990387,0.259862899780273,0.161864563822746,4.82578992843628,10.2944822311401,2.09513092041016,0.96234518289566,2.84493589401245,4.15606355667114,8.59202003479004,23.8419284820557,22.4546318054199,23.2669658660889,23.0851631164551,24.5690155029297,26.4460639953613,25.9090232849121,25.6565113067627,25.413818359375,25.0690860748291,21.6455612182617,22.3945045471191,16.1800479888916,20.4739761352539,20.2422866821289,20.5148906707764,14.228569984436,4.23426008224487,17.7671394348145,17.0027828216553
2022-07-07,6.65046310424805,4.81807518005371,5.80583953857422,5.70057249069214,11.4858655929565,5.7037410736084,6.6968731880188,6.77984428405762,7.65260124206543,4.26210308074951,6.0036449432373,5.06560754776001,5.03881788253784,4.72226428985596,3.2174060344696,2.64800810813904,1.58697521686554,0.783744692802429,1.68399500846863,4.01632452011108,3.21703314781189,2.61725282669067,2.19642233848572,3.78717851638794,4.10815095901489,2.89007592201233,1.3771265745163,2.73382210731506,2.06430888175964,1.45240426063538,4.4036808013916,3.91457271575928,1.74552297592163,0.645291566848755,2.10147595405579,0.370289355516434,0.759472668170929,0.274732917547226,0.0845081061124802,0.172325313091278,0.000229458688409068,0.0173247884958982,0,0,0,0,0,0.000522358925081789,0,0
2022-07-08,1.53091394901276,0.776236355304718,3.91093516349792,1.13766038417816,1.77502107620239,0.220186084508896,0.343235045671463,0.599207162857056,0.355987399816513,0.146809786558151,0.23759138584137,0.16071805357933,0.204714626073837,0.172534108161926,0.0357955507934093,0.478786110877991,0.241855785250664,0.00994433742016554,0.270060002803802,1.71473038196564,1.10921061038971,0.447408527135849,0.512656152248383,1.5329966545105,1.93812382221222,1.08573889732361,0.348950117826462,0.902000427246094,0.115337297320366,0.0742348283529282,5.00230073928833,3.7780773639679,2.81574463844299,1.99565422534943,3.69116592407227,2.27689337730408,2.30373167991638,2.73820638656616,3.59342765808105,2.52677488327026,0.641405940055847,0.998746931552887,0.982353448867798,0.587742507457733,0.661033093929291,0.631606936454773,0.736303985118866,1.62541747093201,0.610467553138733,0.895399510860443
2022-07-09,0.534643471240997,0.222302347421646,0.653758704662323,0.680411398410797,6.01912307739258,6.36180686950684,7.07379961013794,6.24012470245361,9.11951351165771,6.15697050094604,17.1461887359619,18.1219005584717,13.8823204040527,11.7329273223877,24.9514255523682,37.9059371948242,47.3570213317871,39.7148056030273,47.198314666748,41.1049003601074,42.7200736999512,41.691764831543,45.1548652648926,41.484691619873,42.609016418457,43.8532257080078,40.9594688415527,42.8746032714844,35.4275016784668,28.5956916809082,46.1763725280762,43.7214736938477,38.8776092529297,43.128978729248,44.8734817504883,58.2619857788086,52.9497985839844,59.423698425293,68.2299728393555,61.9752655029297,56.9642181396484,57.2304725646973,57.9453392028809,59.6668434143066,56.584831237793,56.7039909362793,48.8852462768555,37.6963195800781,57.9976119995117,59.0563468933105
2022-07-10,12.0684375762939,12.7873735427856,10.3769207000732,18.8517761230469,20.1253700256348,37.9957275390625,32.8337745666504,29.8507537841797,43.9867095947266,48.0381889343262,36.147891998291,36.9191474914551,45.3996467590332,48.6318397521973,40.7663154602051,27.43798828125,32.2718734741211,32.6832656860352,32.1148910522461,22.0464038848877,24.778736114502,26.4686584472656,29.31760597229,27.4626293182373,26.8655605316162,30.7813358306885,31.4700031280518,31.2653064727783,29.8548259735107,21.7274436950684,21.843864440918,22.9620342254639,16.5601997375488,16.6265163421631,17.4036102294922,18.7591228485107,19.3846321105957,16.6218376159668,17.9112434387207,16.1972198486328,9.27538681030273,11.2569255828857,8.66134071350098,8.85156536102295,7.99776840209961,8.30253982543945,7.62361526489258,6.97964000701904,9.34552669525146,7.54131460189819
2022-07-11,0.944004237651825,0.749706268310547,0.883306980133057,0.985360264778137,1.31935930252075,1.25835239887238,1.66187572479248,1.68363440036774,1.30095398426056,0.762933313846588,1.12961256504059,0.846646010875702,0.925893604755402,0.814109563827515,0.248504996299744,1.19434535503387,1.47360324859619,0.52192896604538,1.53013575077057,1.56067633628845,1.5060738325119,0.4544877409935,2.20946526527405,1.83998394012451,2.42249131202698,1.27753210067749,0.896329760551453,1.43215990066528,1.2141455411911,0.92315810918808,3.30164051055908,2.82980966567993,2.35225105285645,1.95653331279755,2.26430535316467,2.4159517288208,2.4314341545105,2.23715305328369,2.12205052375793,1.84863257408142,3.08827710151672,2.63655471801758,4.08933448791504,3.37770104408264,2.30488991737366,1.87024283409119,0.779698610305786,0.239974811673164,4.13070917129517,5.927978515625
2022-07-12,0,0,0,0,0,0,0,0,0,0,0,0,0,0,0,0.0104085486382246,0,0,0,0.92108952999115,0.413811892271042,0.000435646099504083,0.071808747947216,1.19876313209534,2.59438538551331,0.750618159770966,0.109163708984852,0.592164933681488,0,0,5.56868505477905,3.84199929237366,1.99773228168488,2.03965926170349,5.62008333206177,3.41020035743713,3.9461944103241,6.50271654129028,7.94727516174316,5.70044708251953,32.425838470459,22.926736831665,40.9841995239258,35.5401420593262,23.9444808959961,16.0104331970215,4.96382713317871,0.410292655229568,43.8310661315918,48.0704231262207
2022-07-13,3.1240017414093,3.62714886665344,2.50052165985107,4.27207899093628,4.16229438781738,8.28307819366455,6.95289945602417,5.42745113372803,11.1810417175293,11.1293926239014,14.6540937423706,15.1313953399658,13.3913583755493,12.8528938293457,19.4196662902832,14.7670221328735,17.7434883117676,14.9957456588745,17.7680683135986,18.9421157836914,17.9067611694336,18.5447998046875,16.8069095611572,21.3217792510986,25.7779560089111,24.0862197875977,23.7347660064697,23.7569580078125,21.5762424468994,22.6505699157715,40.8405380249023,38.5022583007812,37.2050361633301,41.1707649230957,43.1516456604004,48.000862121582,45.4419174194336,48.8435516357422,53.5312118530273,50.4462890625,52.6287879943848,49.6736106872559,59.6400527954102,58.7184791564941,56.7850151062012,55.1968803405762,53.492359161377,42.5828895568848,57.5092620849609,59.1314392089844
2022-07-14,14.3399133682251,13.1973648071289,12.5121431350708,16.5100135803223,10.2344598770142,36.2715339660645,27.5635643005371,23.2655658721924,43.0635948181152,50.5455703735352,50.1432342529297,56.3359031677246,58.2157211303711,60.0225601196289,68.7084426879883,35.5854454040527,39.0368118286133,43.6501541137695,38.8085594177246,19.4699039459229,22.1864891052246,19.1240997314453,30.7986869812012,17.2529182434082,15.5408496856689,19.9863529205322,17.8429412841797,18.5949954986572,12.4771223068237,13.4173727035522,13.5486469268799,12.6186189651489,10.2346134185791,10.658091545105,12.2742080688477,11.9447746276855,12.7067680358887,11.0399713516235,11.7633018493652,10.7110528945923,5.90343999862671,6.99385213851929,6.32846689224243,6.1854100227356,6.0371880531311,5.90041160583496,6.1621527671814,9.90957164764404,5.44558143615723,5.06546401977539
2022-07-15,19.4850025177002,18.9009666442871,18.1153297424316,25.9451465606689,17.7411231994629,22.1066875457764,22.8010635375977,26.8657913208008,22.1282844543457,21.1896324157715,16.0185489654541,15.0124502182007,21.3962097167969,22.4380931854248,11.3302431106567,5.52030038833618,6.63958740234375,7.81063461303711,6.52517986297607,2.44229793548584,3.02764844894409,4.69060134887695,4.86040067672729,2.96224069595337,3.48267602920532,2.96130418777466,4.49387788772583,3.35604000091553,3.51751518249512,8.81530570983887,4.42909383773804,4.92475080490112,5.94498729705811,5.66995143890381,4.34537124633789,5.99848985671997,4.74772787094116,5.4257116317749,6.30059576034546,6.76558256149292,5.90975046157837,5.22857046127319,6.62820768356323,7.82268047332764,8.40308856964111,8.63932704925537,8.99097537994385,11.0210084915161,5.57058429718018,5.36149835586548
2022-07-16,0.0143209677189589,0.00745308445766568,0.00626375759020448,0.00223745219409466,0.00645400397479534,0.00214534276165068,0.00350706814788282,0.00262830965220928,0.00469499314203858,0.00187704840209335,0.0162231847643852,0.0108446860685945,0.0124739967286587,0.00964605156332254,0.000436553091276437,0.0892445743083954,0.0119417402893305,0,0.0133322710171342,1.83030700683594,0.916262745857239,0.0337625704705715,0.144032955169678,1.25300598144531,1.34372019767761,0.937401413917542,0.147966369986534,0.694505393505096,0.00751489493995905,0.066797710955143,1.88836514949799,1.36855447292328,0.598123490810394,0.472315818071365,1.53999543190002,2.21660733222961,1.83769488334656,2.91949272155762,2.78749227523804,2.41474938392639,5.91415166854858,4.45687961578369,6.17272186279297,5.61754989624023,3.90396928787231,2.76487255096436,0.70513916015625,0.150169357657433,7.57837200164795,9.32950115203857
2022-07-17,0,0,0,0,0,0,0,0,0,0,1.75779114215402e-05,6.31175280432217e-05,0,0,1.50192036016961e-05,0.0151261612772942,0,0,0,2.55953931808472,1.13638937473297,0.15824843943119,0.0490831471979618,3.80330109596252,5.45250272750854,2.23442888259888,0.661001861095428,1.83309328556061,0.255615323781967,0,12.4340152740479,8.79387664794922,5.91193008422852,10.1570892333984,14.4408826828003,21.9199028015137,20.0974197387695,26.6979694366455,28.9155464172363,25.6401958465576,40.7472877502441,36.6697883605957,33.4381217956543,36.9733123779297,35.3117866516113,33.1347770690918,23.0848999023438,7.49769306182861,38.5640754699707,38.5696487426758
2022-07-18,0,0,0,0,0,0,0,0,0,0,0,0,0,0,0,0,0,0,0,0,0,0,0,2.34942599490751e-05,8.04320643510437e-06,0,0,0,0,0,0,0,0,0,0,0,0,0,0,0,0.00062324688769877,0.000260957633145154,1.79117289889064e-08,0,0,0,0,0,0,0
2022-07-19,0,0,0,0,0,0,0,0,0,0,0,0,0,0,0,0,0,0,0,0,0,0,0,0,0,0,0,0,0,0,0,0,0,0,0,0,0,0,0,0,0,0,2.90029760208199e-07,0,0,0,0,0,0,0
2022-07-20,8.15334510803223,3.96969699859619,10.5172348022461,2.36039972305298,0.70542973279953,0.00409280834719539,0.0126587804406881,0.172621056437492,0.00469519011676311,0.00172012869734317,0,0,0,0,0,0,0,0,1.64557127391163e-06,0,0,0,1.60608783517091e-06,0,0,0,0,0,0,0,0,0,0,0,0,0,0,0,0,0,0,0,0.00689507555216551,0,0,0,0.00252949865534902,0.0174500476568937,0.000801097019575536,0.0106892138719559
2022-07-21,1.34021770954132,0.92677104473114,1.41070997714996,0.358653843402863,0.0192153658717871,0,0.000206641299882904,0.016339099034667,0,9.05435445019975e-06,0,0,0,0,0,0,0,0,0,0,0,0,0,0,0,0,0,0,0,0.000764613389037549,0,0,0,0,0,0,0,0,0,0,0.0943979471921921,0.0381562747061253,0.627357661724091,0.287441730499268,0.00065050000557676,0,0.00707109877839684,0.0216324739158154,1.37922823429108,3.2297215461731
2022-07-22,0,0,0,0.00209386483766139,0.00256478972733021,0,0,0.000256263389019296,0,0,0,0,0,2.54906331065285e-06,0,0,0,0,6.82912141201086e-05,0,0,0,6.66526466375217e-05,1.00612323876703e-05,0.000195546614122577,0,0.003286691615358,0.00141757179517299,0.0100198602303863,0.0404879674315453,0,0,0.0150822577998042,0.00389280100353062,0.00122566253412515,0,0,0,0,1.71514766407199e-05,0.0312083717435598,0.0134090548381209,0.348250180482864,0.103562377393246,0.0968514084815979,0.0436661429703236,0.154552549123764,0.208908781409264,0.147402122616768,0.292721211910248
2022-07-23,0,0,0,0.00030052283545956,0.000769436883274466,0,0,7.68790196161717e-05,0,0,0,0,0,0,0,1.94291678781155e-05,0.000168791564647108,0.000435646070400253,0.000162123382324353,0,0,0,2.60989254456945e-05,0,0,0,0,0,0,0.012161610648036,0,0,0.0207919683307409,0.0209993328899145,0.00516858510673046,0.00192791712470353,0.00158565607853234,0.000428510276833549,0.000170047715073451,0.000770514365285635,0.12812677025795,0.0584342814981937,0.500974535942078,0.264478355646133,0.137097001075745,0.0885164886713028,0.0835822895169258,0.0816444829106331,0.50859272480011,1.05776703357697
2022-07-24,0,0,0,0,0,0,0,3.81507697966299e-06,0,0.00674504693597555,0,0,0.00102210452314466,0.00235307775437832,0.000470664701424539,1.94291678781155e-05,0.000168791564647108,0.000435646070400253,0.00018927532073576,0,7.82290808274411e-05,0,5.25993746123277e-05,1.42169585615193e-06,0.000115590199129656,0,0.000365187937859446,0.000193031475646421,0.00141584977973253,0.00442607328295708,0.00303891743533313,0.00134206598158926,0.0171291343867779,0.00696942443028092,0.00439409352838993,0.000249551987508312,0.000966075866017491,0.000918935693334788,0.000747322046663612,0.000678766926284879,0.00264199427329004,0.00198292220011353,0.0463693737983704,0.00972727779299021,0.00760793872177601,0.00655330484732985,0.0126946298405528,0.0270253606140614,0.0266737788915634,0.0820732414722443
2022-07-25,0,0,0,0,0,0,0,0.000124324898933992,0,0.0181314684450626,0,0.00499363336712122,0.00394289894029498,0.00426558079198003,0.0604888238012791,0.0018562194891274,0.0156787373125553,0.0363945290446281,0.0131735792383552,0,0.0354629382491112,0.269447088241577,0.0014569804770872,0.00100494571961462,0.002780333859846,0.00141584977973253,0.735335528850555,0.0670248866081238,0.101723358035088,0.317760527133942,0.00334664504043758,0.0556837692856789,0.0135740311816335,0.524429738521576,0.105563551187515,0.921975493431091,0.607496500015259,0.914915025234222,1.57666218280792,1.07367980480194,3.17766833305359,2.43560981750488,8.02513980865479,2.86067366600037,3.32506442070007,2.44817614555359,2.77683210372925,4.11550378799438,3.07074666023254,5.14176940917969
2022-07-26,0,0,0,0,0,0,0,0.000216138039832003,0,0.0752173811197281,0,0.0032706840429455,0.0130994524806738,0.0270764566957951,0.0471197031438351,0.00171285250689834,0.0147270634770393,0.0384415127336979,0.0120692746713758,0.015263038687408,0.0236754193902016,0.206931889057159,0.00025095121236518,0.0383061468601227,0.101707860827446,0.0234159771353006,1.0885112285614,0.191949278116226,0.808994770050049,0.329864829778671,0.455506175756454,0.407075256109238,0.300997287034988,2.61241292953491,1.28785562515259,4.76555013656616,3.56005001068115,5.41255044937134,8.32707118988037,5.93363809585571,11.9044456481934,10.1835107803345,12.0033082962036,12.7078151702881,10.9364995956421,9.91430759429932,6.36440229415894,1.328253865242,12.1174907684326,10.8871212005615
2022-07-27,0,0,0.000167230304214172,0,0,0,0,0.000184163523954339,3.23778294841759e-05,0.0573559440672398,0.00129073881544173,0.0218089409172535,0.0225888881832361,0.0307521652430296,0.256352007389069,0.100597470998764,0.120716877281666,0.158638626337051,0.107206724584103,0.994577884674072,0.501058280467987,0.226209238171577,0.143880844116211,1.35548806190491,1.57064652442932,0.627548158168793,1.19970095157623,0.817708790302277,1.25672996044159,0.224278464913368,1.91914117336273,1.61894750595093,0.988251864910126,2.39806628227234,2.35263395309448,4.43607044219971,3.9110369682312,4.55527496337891,4.58106708526611,3.98397374153137,1.22722458839417,2.10914373397827,0.0938950851559639,0.243994161486626,0.542855441570282,0.801171183586121,0.529934704303741,0.0134780425578356,0.347801566123962,0.179335176944733
2022-07-28,0,0,0,0,0,0,0,1.79812504939036e-05,0,0.00546141434460878,0.000161936754011549,0.000694254122208804,0.000788992911111563,0.00180066295433789,0.000168966056662612,0.00545738684013486,0.00120084534864873,0,0.00133683497551829,0.00142893462907523,0.000240815425058827,0,0.000809176999609917,0.00104027567431331,0.00258774030953646,0,0,0,0,0,0.00110076239798218,0.000787747849244624,0,0,0,0,0,0.000615058117546141,0.000176014975295402,0.000351179827703163,0,7.20732350600883e-05,0,0,0,0,0,0,0,0
2022-07-29,0.030013021081686,0.085302859544754,0.0194554328918457,0.132015585899353,0.636696994304657,0.707520246505737,0.575768053531647,0.470892786979675,1.19067430496216,0.549543023109436,0.143964618444443,0.110310778021812,0.191111221909523,0.251661151647568,0.0175503455102444,0.585309326648712,0.556264281272888,0.0170011166483164,0.609114766120911,0.501922249794006,0.318070203065872,0.000980203622020781,0.390339076519012,0.162539511919022,0.249367505311966,0.191139712929726,0.0399761572480202,0.123389795422554,0,0.0109931267797947,0.580901920795441,0.445496708154678,0.391481041908264,0.311493098735809,0.548104345798492,0.0866617113351822,0.179641559720039,0.0849012657999992,0.0491929352283478,0.087114229798317,0.00610960833728313,0.0265510138124228,0.0137328784912825,0.0131098050624132,0.00750458706170321,0.0138832200318575,0.0203797183930874,0.00558780739083886,0.00817291066050529,0.00409752037376165
2022-07-30,0.32495254278183,0.575030744075775,0.349981337785721,0.29410183429718,0.746080636978149,0.250404536724091,0.330643057823181,0.373394757509232,0.421214580535889,0.261228054761887,0.0896126553416252,0.0611845254898071,0.09067153185606,0.0973146483302116,0.0463845171034336,0.435784697532654,0.203712075948715,0.000435646070400253,0.227617993950844,2.31832551956177,1.30217218399048,0.217931941151619,0.533500909805298,1.84957265853882,1.58221435546875,1.24975967407227,0.236010164022446,0.92555445432663,0.0237427111715078,0.00556953763589263,2.62988066673279,1.80103206634521,1.69969487190247,2.17041039466858,2.97395801544189,3.4321391582489,3.31418800354004,3.47774910926819,3.08056569099426,3.1522057056427,0.647299587726593,1.6224068403244,0.000382005964638665,0.10492729395628,0.279829174280167,0.591279983520508,0.653009951114655,0.710781812667847,0.0332968011498451,0.0259338282048702
2022-07-31,0,0,0,0,0,0,0,0,0,0.00247785821557045,0,0,0.000310445990180597,0.000718784518539906,0,0,0,0,0.000104231767181773,0,0,0,0.000101730845926795,0.000471162900794297,0.000557768624275923,0,0,0.000233314247452654,0.00198699487373233,0.00597605481743813,0.000591998978052288,0.000295943202218041,0.0701385959982872,0.00487867509946227,0.00257503287866712,0,0,0,0,0,0,1.38572213472798e-05,0.0228035226464272,0,0.0124369831755757,0.00180238962639123,0.0805323794484138,0.170586332678795,0,0.00253101182170212
2022-08-01,0,0,0,0.0018972858088091,0.00274089979939163,0,0,0.000388843880500644,0,0.00234282878227532,0,0,0.000323743821354583,0.000773999956436455,0.000695704133249819,0.000129234860651195,0.00112273229751736,0.00289773917756975,0.000904029468074441,0,0,0,3.43383362633176e-06,0,0.00329999555833638,0,0.0549145750701427,0.00402722181752324,0,0.000505550357047468,0.00869531091302633,0.00643188739195466,0.0304475240409374,0.00630312459543347,0.00586918508633971,0.00327228009700775,0.00123296270612627,0.0158752873539925,0.0420130714774132,0.023365430533886,0.0225265678018332,0.0214749593287706,0.0739570707082748,0.0251383390277624,0.0499433465301991,0.0442600920796394,0.106983855366707,0.0872857123613358,0.0201341826468706,0.0300419554114342
2022-08-02,2.13285946846008,3.03211188316345,1.73391044139862,4.27264642715454,3.72174715995789,4.65224313735962,3.67510032653809,3.76288199424744,6.05424356460571,4.93006896972656,2.11666679382324,1.77704274654388,2.02099084854126,2.38845109939575,1.38463282585144,0.828534543514252,0.336765915155411,0.0108921844512224,0.375190079212189,0.406038045883179,0.325959622859955,0.00952114257961512,0.458595812320709,0.0858485028147697,0.0587228089570999,0.128845900297165,0.0393932908773422,0.0840165764093399,0,0.000494532287120819,0.0177512168884277,0.0315430574119091,0.00143876858055592,2.45552673732163e-05,0.000911426788661629,0,1.14945478344453e-05,1.23161544252071e-05,0.000345102103892714,0.000100926532468293,0.000150598687469028,0.000223568451474421,0.000178894042619504,0.000137925366288982,0,0,0,0,0.000525233161170036,0.000204014810151421
2022-08-03,6.57560300827026,7.82565641403198,5.70088815689087,8.09384250640869,5.29331254959106,4.84902667999268,5.57750463485718,6.26870965957642,5.93333292007446,3.80292272567749,3.58083534240723,2.66267919540405,4.36515140533447,4.22587490081787,0.802891135215759,0.960140824317932,0.296586155891418,0.0508836172521114,0.330068379640579,0.459015041589737,0.37893471121788,0.0231819115579128,0.461695045232773,0.0984631851315498,0.0604432672262192,0.148405641317368,0.0307458117604256,0.0961773172020912,0,0.101964980363846,0.0330000407993793,0.0264738015830517,0.00822896603494883,0.00086303980788216,0.00941169448196888,0.00282824505120516,0.0037795917596668,0.00612931000068784,0.00579897174611688,0.00484594376757741,0.0189962554723024,0.0191417317837477,0.00365000357851386,0.00371188134886324,0.00363513687625527,0.00200497824698687,0.000517481123097241,0.00128661631606519,0.0174847580492496,0.0118054058402777
2022-08-04,0,0,0,0,0,0,0,0,0,0,0,0,0,0,0,0,0,0,0,0,0,0,0,0,0,0,0,0,0,0.000162130061653443,0,0,0.00235447217710316,0,4.77434005006216e-05,0,0,0.000175422508618794,0.000391561625292525,0.000193971558474004,0.0535896494984627,0.0220305994153023,0.177079930901527,0.0722451508045197,0.00788462162017822,0.000709409941919148,1.84684232351628e-08,0,0.454684972763062,1.23056638240814
2022-08-05,0.00339608010835946,0.00780420703813434,0.00196130317635834,0.0817115753889084,0.614700198173523,1.2342449426651,0.949823439121246,0.589559018611908,2.01705384254456,0.963600158691406,0.817894756793976,0.653286755084991,0.728689074516296,0.740014433860779,0.391897886991501,0.676313936710358,0.506897449493408,0.31706964969635,0.515964865684509,0.606253623962402,0.486124992370605,0.115288622677326,0.4620680809021,0.162406831979752,0.161802187561989,0.251585841178894,0.191433399915695,0.205146282911301,0.199633523821831,0.407216787338257,0.358965188264847,0.424818009138107,1.61185622215271,4.03305292129517,2.11526942253113,5.10698556900024,3.34634900093079,5.95869445800781,11.6940116882324,8.74176597595215,18.6835594177246,14.785623550415,20.6793518066406,20.4898109436035,19.7775287628174,19.1041660308838,18.7777786254883,15.9698038101196,20.7038307189941,19.9519824981689
2022-08-06,0.673046886920929,0.870657444000244,0.488172501325607,3.04130387306213,8.97804546356201,11.8385152816772,10.4482717514038,7.86293315887451,14.5722608566284,11.9695072174072,16.8512783050537,17.0072231292725,13.2014808654785,11.7892942428589,22.0917491912842,22.076379776001,28.8246803283691,25.5860939025879,28.5824546813965,18.7627048492432,19.7749767303467,20.2812747955322,23.0598945617676,16.4899597167969,16.1927547454834,19.7777938842773,20.5582504272461,19.3964519500732,19.2838325500488,36.370044708252,19.0998649597168,21.4050636291504,26.9702968597412,28.8627319335938,25.7832908630371,27.9752140045166,26.085693359375,24.7314510345459,28.1486225128174,27.2071437835693,22.1830520629883,21.5009651184082,27.3179473876953,27.4070568084717,27.6350135803223,28.5651664733887,27.5089321136475,24.0923461914062,24.1609477996826,24.733736038208
2022-08-07,0.0017352948198095,0.00319845601916313,0.000923485262319446,0.00304369442164898,0.00955874938517809,0.0227459333837032,0.0159880351275206,0.00767879886552691,0.0466846525669098,0.246791392564774,1.03793799877167,1.67432057857513,0.422351658344269,0.166872218251228,4.70444250106812,5.16195774078369,4.83171796798706,5.30241680145264,4.89113903045654,2.56473517417908,3.03592920303345,1.63535976409912,4.54571199417114,2.1969575881958,1.31085324287415,3.31801462173462,3.02800154685974,2.88762521743774,1.51872575283051,1.38562178611755,0.159372448921204,0.312906116247177,0.43183571100235,0.772784531116486,0.226058289408684,0.925640642642975,0.661514043807983,0.784156620502472,1.38836562633514,1.43121242523193,1.63856017589569,1.13636434078217,2.64597225189209,2.43161773681641,2.27734375,1.82372200489044,1.44442427158356,2.13265252113342,2.28533482551575,2.27196455001831
2022-08-08,0,0,0,0,0,0,0,0,0,0,0,0,0,0,0,0,0,0,0,0,0,0,0,0,0,0,0,0,0,0,0,0,0,0,0,0,0,0,0,0,1.33958346850704e-05,6.28748894087039e-05,0,0,0,0,0,0,4.81787428725511e-05,0.000334846728947014
2022-08-09,0,0,0,0,0,0,0,0,0,0,0,0,0,0,0,0,0,0,0,0,0,0,0,0,0,0,0,0,0,0,0,0,0,0,0,0,0,0,0,0,0,0,0,0,0,0,0,0,0,0
2022-08-10,0,0,0,0,0,0,0,0,0,0,0,0,0,0,0,0,0,0,0,0,0,0,0,0,0,0,0,0,0,0,0,0,0.000477719004265964,0,9.68706626736093e-06,0,0,0,0,0,0,0,0,0,0,0,0,4.66283154310076e-06,0,0
2022-08-11,0,0,0,0,0,0,0,0.000251563236815855,0,0.047476701438427,0,0.00621578563004732,0.00848621316254139,0.0136251300573349,0.0766676291823387,0.00169976404868066,0.0144752273336053,0.0381799750030041,0.0119311045855284,0.00341880437918007,0.0187748987227678,0.126465603709221,0.000313241936964914,0.00248674885369837,0.0302777457982302,0.00103490683250129,0.336539804935455,0.11728622764349,0.783527910709381,0.0960910096764565,0.131681770086288,0.144059032201767,0.162495747208595,0.760515868663788,0.436062842607498,1.13207149505615,0.987012505531311,0.920711696147919,0.817135214805603,0.882384538650513,0.922709763050079,0.768347918987274,0.686726748943329,0.855633676052094,0.722576797008514,0.644875764846802,0.350762963294983,0.0220463126897812,0.832096874713898,0.800315082073212
2022-08-12,0,0,0,0,0,0,0,7.12052424205467e-05,0,0.0119413854554296,0,0.00304607138969004,0.00272828922607005,0.00330925080925226,0.0347649864852428,0.000235392071772367,0.00204497668892145,0.00527802482247353,0.00173755502328277,0.00557536305859685,0.00868607684969902,0.045432411134243,9.50027315411717e-05,0.00457269279286265,0.0222302358597517,0.00248377630487084,0.0917668044567108,0.0250844061374664,0.141161292791367,0.0201646443456411,0.0776503533124924,0.0583444908261299,0.0289306864142418,0.104204714298248,0.144439667463303,0.467568606138229,0.378348141908646,0.519704163074493,0.498159319162369,0.433955818414688,0.696826577186584,0.576345562934875,1.25884342193604,0.605133473873138,0.521580755710602,0.414066046476364,0.167333856225014,0.184450745582581,0.89884752035141,1.9582302570343
2022-08-13,0,0,0,0,0,0,0,0,0,0,0,0,0,0,0,0,0,0,0,0.00301518454216421,0.00131808361038566,0,0,0.00355059374123812,0.050779115408659,0.00279424828477204,0.000404009246267378,0.00205747084692121,0.000517453416250646,0,1.51954329013824,1.05231618881226,1.03014004230499,0.33174329996109,0.384793639183044,2.14411568641663,1.43572354316711,2.21955585479736,2.17475008964539,1.88377892971039,3.5577871799469,2.49818158149719,11.3438034057617,5.75051784515381,2.89768123626709,1.72304880619049,0.713352918624878,0.829940140247345,10.1137533187866,17.3659553527832
2022-08-14,0,0.000212366925552487,2.80456406471785e-05,0.0558035746216774,1.09856462478638,0.953239440917969,1.02856171131134,0.744852244853973,1.79329037666321,1.2248660326004,3.4914402961731,3.160728931427,3.44733810424805,2.83627796173096,3.19211363792419,7.18273162841797,7.10049533843994,5.15976715087891,7.25704431533813,13.9156694412231,13.1194019317627,12.7892751693726,9.79446887969971,22.4772129058838,29.1217937469482,22.1639785766602,21.4659957885742,23.5795936584473,24.0656204223633,14.4896678924561,40.6244277954102,39.1968955993652,35.9682197570801,39.268196105957,40.4410133361816,45.8055305480957,46.2418937683105,40.952880859375,40.543399810791,38.4150505065918,38.7215881347656,36.5574684143066,41.7881088256836,42.2575187683105,38.0078659057617,36.8943481445312,30.4616527557373,14.3936614990234,42.0442047119141,41.0773963928223
2022-08-15,0.338041603565216,0.344450622797012,0.248861744999886,0.684381902217865,2.04011607170105,0.787028908729553,1.13641810417175,1.17837846279144,0.871654629707336,0.456733584403992,0.467212826013565,0.34694966673851,0.463314145803452,0.430756807327271,0.0968583151698112,0.134836792945862,0.0669571682810783,0.0356389805674553,0.0726646408438683,3.11610627174377,1.68835723400116,0.55491703748703,0.190152615308762,4.28943538665771,8.47990608215332,3.1380443572998,1.64668941497803,3.28703641891479,2.49785113334656,1.30909538269043,15.8346109390259,14.6946907043457,14.8943166732788,15.9363698959351,16.5200500488281,20.2820205688477,18.0869178771973,20.5547695159912,20.3891258239746,20.2967224121094,21.7727565765381,19.6710186004639,20.7326984405518,20.4340114593506,17.5708827972412,16.0456886291504,9.49184703826904,4.29474496841431,23.4963531494141,27.653787612915
2022-08-16,0.0437714569270611,0.210291683673859,0.0402809605002403,1.35042333602905,3.41940116882324,7.91545057296753,6.68783903121948,4.74609613418579,11.6453380584717,5.91051578521729,7.99308490753174,6.72861576080322,6.70813846588135,5.90383434295654,3.16835522651672,15.7735052108765,12.405369758606,5.23722982406616,13.0826988220215,36.0554847717285,29.5688762664795,23.5685539245605,18.4851818084717,36.0198135375977,38.4543838500977,35.1147003173828,25.5835590362549,33.546630859375,26.8067760467529,11.1254377365112,41.497615814209,40.7892074584961,36.1403274536133,37.2903938293457,39.6090850830078,39.500186920166,38.4362945556641,39.1417541503906,39.2600402832031,38.5089569091797,39.405345916748,38.3443908691406,41.852352142334,40.5141487121582,41.0640068054199,40.3654899597168,35.1041145324707,11.1663208007812,38.2487716674805,39.5791358947754
2022-08-17,2.84173583984375,4.40893268585205,2.50609230995178,4.25474739074707,4.11403274536133,2.19599866867065,2.84557509422302,3.54401922225952,2.67800617218018,1.35646295547485,0.445462077856064,0.301067322492599,0.999447882175446,1.07225584983826,0.138673141598701,0.0751066878437996,0.222663819789886,0.0343861691653728,0.224503040313721,0.170056223869324,0.147165775299072,0.170552641153336,0.196344763040543,0.0594257414340973,0.193184018135071,0.0390159897506237,0.120465524494648,0.0465164333581924,0.00858972687274218,0.185403764247894,0.11551620811224,0.113027580082417,0.0109046809375286,4.41994779976085e-05,0.00285822502337396,0,0,1.34556034936395e-06,0,6.19950981217698e-07,0.300674736499786,0.130983084440231,1.14076888561249,0.526315748691559,0.111995801329613,0.0194045938551426,4.0261161871058e-07,0.00158697075676173,1.34318864345551,2.21736764907837
2022-08-18,0,0,0,0,0,0,0,0,0,0,0,0,0,0,0,0,0,0,0,0,0,0,0,0,0,0,0,0,0,0,0,0,0,0,0,0,0,0,0,0,0,0,0,0,0,0,0,0,0,0
2022-08-19,0,0,0,0,0,0,0,0,0,0,0,0,0,0,0,0,0,0,0,0,0,0,0,0,0,0,0,0,0,0,0,0,0,0,0,0,0,0,0,0,0,0,0,0,0,0,0,0.000740935152862221,0,0
2022-08-20,0,0,0,0,0,0,0,0,0,0,0,0,0,0,0,0,0,0,0,0,0,0,0,0,0,0,0,0,0,0,0,0,0,0,0,0,0,0,0,0,0,0,0,0,0,0,0,0,0.000321581319440156,0.00189341756049544
2022-08-21,0,0,0,0,0,0,0,1.61739467330335e-06,0,0.000158690352691337,0,0,0,4.28541125074844e-06,0,0,0,0,6.99740776326507e-05,0,0,0,6.82951358612627e-05,9.35261994072789e-07,1.81774285010761e-05,0,0.000433764391345903,0.000141178097692318,0.000931416172534227,0.0336879007518291,0,0,0.022759897634387,0.0018495226977393,0.000898542464710772,0,0,0,0,0,0,0,1.91195283605339e-07,0,0,0,0.01076156552881,0.0878398269414902,0.000821818946860731,0.00266090733930469
2022-08-22,0,0,0,0,0,0,0,0,0,0,0,0,0,0,0,0,0,0,3.94825801777188e-05,0,0,0,3.85352432203945e-05,0,0,0,0,0,0,0.0163614209741354,0,0,0.0145021844655275,0.0016513594891876,0.000684270693454891,0,0,0,0,0,1.29871830267803e-06,1.62249325512676e-05,0.0439509190618992,0.000137925366288982,0.0157750714570284,0.00329697318375111,0.15323980152607,0.192401438951492,0.000742374802939594,0.0124959964305162
2022-08-23,0,0,0,0,0,0,0,0,0,0,0,0,0,0,0,0,0,0,7.03649948263774e-06,0,0,0,6.86766725266352e-06,0,2.12493032449856e-05,0,0,0,0,0.000255963095696643,0,0,0.0262745451182127,0.0076623079366982,0.00234331213869154,0,0,0,0,0,0.0774186253547668,0.0303918533027172,0.436510801315308,0.172517031431198,0.000104189042758662,0.000276275823125616,0.00453103147447109,0.0689646452665329,0.829278469085693,1.11076068878174
2022-08-24,0,0,0,0,0,0,0,0,0,0,0,0,0,0,0,0,0,0,1.9545830127754e-06,0,0,0,1.90768514585216e-06,0.000188666541362181,7.83269424573518e-05,0,0,0,0,9.08898146008141e-05,0,0,0.00221798126585782,0.0646401569247246,0.0105151180177927,0.0762091279029846,0.0512928701937199,0.0526150837540627,0.0478996485471725,0.0544777698814869,0.300688832998276,0.142689496278763,0.217759013175964,0.147922694683075,0.084397166967392,0.0386739820241928,0.00572060281410813,0.198097392916679,0.739238798618317,0.644733548164368
2022-08-25,0,0,0,0,0,0,0,0,0,0,0,0,0,0,0,0,0,0,4.37826602137648e-05,0,0,0,4.27321501774713e-05,0,0,0,0,0,0,0.0105293840169907,0,0,0,0,0,0,0,0,0,0,0,0,0,0,0,0,0,0,0,0
2022-08-26,0,0,0,0,0,0.0269121769815683,0.0125035382807255,0.00382342399097979,0.046409297734499,0.0223171059042215,0.0039370097219944,0.0134192295372486,0.00419358909130096,0.00871035922318697,0.00967033393681049,0.13698847591877,0.149157091975212,0.031995851546526,0.156751036643982,0.787930965423584,0.411094635725021,0.0242168195545673,0.161330670118332,0.782476663589478,0.897679805755615,0.437765568494797,0.0888434052467346,0.355431288480759,0.0334274917840958,0.0491291284561157,0.771546304225922,0.589380502700806,0.18995513021946,0.072533942759037,0.330030024051666,0.0533520914614201,0.134581759572029,0.101273693144321,0.0713528916239738,0.0722040832042694,0.026277607306838,0.0505217052996159,0,1.34264446387533e-05,0.000885145796928555,0.00165884720627218,0,0.000189120866707526,0.000468755257315934,0.000175037916051224
2022-08-27,0,0,0,4.98722220072523e-05,0,0.000132179222418927,0.000101036959677003,0.000591498741414398,0.000239865432376973,8.7877044279594e-05,0.000230580524657853,0.000943421036936343,0,0,0.000228346485528164,0.000590096286032349,0,0,0,0.0358968898653984,0.0168882813304663,0,0.00240389909595251,0.0386153012514114,0.0191991291940212,0.0171794537454844,0.00263836863450706,0.012132273055613,0,0,0.00196254369802773,0.00148027075920254,0.00110203004442155,0.00162713415920734,0.00210386561229825,0.000313769502099603,0.000782925053499639,0.000162638330948539,4.64594995719381e-05,9.28312729229219e-05,0.000170818908372894,0.000144629768328741,0,1.34264446387533e-05,5.42212947038934e-05,0,0,0,0.000158400609507225,5.78750441491138e-05
2022-08-28,0,0,0,0,0,0,0,0,0,0,0,0,0,0,0,0,0,0,0,0,0,0,0,0,0,0,0,0,0,0,0,0,0,0,0,0,0,0,0,0,0,0,0,0,0,0,0,0.00286476989276707,0,0
2022-08-29,0,0,0,0,0,0,0,0,0,0,0,0,0,0,0,0,0,0,7.07559083821252e-05,0,0,0,6.90582091920078e-05,0,0,0,0,0,0,0.0408201180398464,0,0,0.021053759381175,0.00118897878564894,0.000707866158336401,0,0,0,0,0,0,0,0.00801672413945198,0,0.00656824046745896,0,0.0149132367223501,0.0542801730334759,0,0.000326952198520303
2022-08-30,0,0,0,0,0,0,0,1.31804144984926e-05,0,0.000514673185534775,0,0,0,3.04636832879623e-05,0.00101870961952955,0.000300009502097964,0.00260634277947247,0.00672689452767372,0.00211236393079162,0,0.00176442926749587,0.0186283234506845,2.13660750887357e-05,0.000423550809500739,0.00139385485090315,0.000931416172534227,0.143347710371017,0.0188527647405863,0.0648886635899544,0.0109143815934658,0,0.0018625269876793,0.0754796043038368,0.0444896817207336,0.0113791804760695,0.00732083013281226,0.00531044136732817,0.00308969547040761,0.00196013459935784,0.00502437306568027,0.00495221698656678,0.00213224906474352,0.018567182123661,0.00207497016526759,0.00657153269276023,0.00569581054151058,0.0550055243074894,0.190887570381165,0.0062930891290307,0.00730748986825347
2022-08-31,0,2.43478007178055e-05,3.21542370329553e-06,0.0217398963868618,0.00507337506860495,0.693345367908478,0.440092027187347,0.75686126947403,0.961894631385803,0.758351683616638,0.073671817779541,0.0369473360478878,0.506198883056641,0.568273305892944,0.00130727607756853,0.00235805800184608,0.0146773336455226,0.00591070298105478,0.0144719472154975,0.00060010323068127,0.00359819480217993,0.0429486334323883,0.00930267293006182,0.000402961042709649,0.00493831187486649,0.000931416172534227,0.296644777059555,0.0239978116005659,0.0138677516952157,0.0261678509414196,0.00826427154242992,0.011179025284946,0.036035668104887,0.0795225650072098,0.021984638646245,0.0717978030443192,0.0523333437740803,0.0574932955205441,0.0764532685279846,0.0845249518752098,0.115422941744328,0.156563356518745,0.307782918214798,0.224064961075783,0.236058935523033,0.229741320014,0.219623640179634,0.151494547724724,0.125400826334953,0.167276442050934
