"","cuenca","cuenca_name","vol_normal","vol_pasado","vol_promax","vol_promin","vol_pron","year"
"1","3414001","Rio Pulido En Vertedero",43.4728172842859,79.8564279529511,68.0248224359094,23.6125352031761,46.10233678117,2018
"2","3414001","Rio Pulido En Vertedero",43.4728172842859,79.8564279529511,52.7573545251837,13.1093593391425,33.1459738237192,2018
"3","3414001","Rio Pulido En Vertedero",43.4728172842859,79.8564279529511,45.0536809572452,14.1435847804561,29.3457104464831,2018
"4","3414001","Rio Pulido En Vertedero",43.4728172842859,79.8564279529511,47.943705628548,24.7852001160555,35.8279368708049,2018
"5","3414001","Rio Pulido En Vertedero",43.4728172842859,79.8564279529511,42.5974577258696,20.4623265125553,31.6581839622591,2018
"6","3414001","Rio Pulido En Vertedero",39.8780804683781,73.0763713754035,36.4423100888455,15.6566789682767,25.8682160724623,2018
"7","3414001","Rio Pulido En Vertedero",36.1263175041504,65.9695886602167,35.1881014297941,14.1195644408134,24.8997534622999,2018
"8","3414001","Rio Pulido En Vertedero",31.6242262832181,57.1955020465801,34.3484044745679,11.227480706899,22.7400214735831,2018
"9","3414001","Rio Pulido En Vertedero",24.5863319783976,41.8030050335614,26.1024919239796,10.1949574526221,17.9755599392838,2018
"10","3414001","Rio Pulido En Vertedero",14.1292313455284,24.4650419904245,15.4862035192352,6.83850072733454,11.3873290205725,2018
"11","3414001","Rio Pulido En Vertedero",6.68171604056781,9.86296451228305,8.25576617037495,4.37092467662878,6.46362951723461,2018
"12","3421001","Rio Manflas En Vertedero",29.2500956907331,30.8904313235466,69.8868433635134,15.25414508143,42.9003687710539,2018
"13","3421001","Rio Manflas En Vertedero",29.2500956907331,30.8904313235466,59.8027615606972,8.43094824058743,35.2160173190505,2018
"14","3421001","Rio Manflas En Vertedero",29.2500956907331,30.8904313235466,50.71516308605,4.77176439775784,27.0201207564306,2018
"15","3421001","Rio Manflas En Vertedero",29.2500956907331,30.8904313235466,47.6270945963088,7.49046967187254,26.3138421955817,2018
"16","3421001","Rio Manflas En Vertedero",29.2500956907331,30.8904313235466,42.3898823699513,0.081434431022152,20.2099664435967,2018
"17","3421001","Rio Manflas En Vertedero",25.8394766826986,27.4771210126988,39.0730475168399,0.805785467284062,20.7478645691657,2018
"18","3421001","Rio Manflas En Vertedero",22.1619376656707,21.5707181718138,34.3758504680723,2.48042423552904,18.2236283668388,2018
"19","3421001","Rio Manflas En Vertedero",17.4711724483224,12.0111109619558,25.7180810404532,2.03305393850175,13.0034753721849,2018
"20","3421001","Rio Manflas En Vertedero",13.0344349206327,9.9211399348306,17.3397012833901,1.29509283804241,9.69657729376866,2018
"21","3421001","Rio Manflas En Vertedero",7.18049623876178,5.96889221097139,9.77408341813992,1.75882454528255,5.896690027524,2018
"22","3421001","Rio Manflas En Vertedero",3.41855281131074,3.43212630040274,4.65026795157779,1.45277167577117,3.14051294273489,2018
"23","4302001","Rio Toro Antes Junta Rio La Laguna",74.0846033176975,41.3216116507813,108.274583720106,51.1095148042596,78.6425794840989,2018
"24","4302001","Rio Toro Antes Junta Rio La Laguna",74.0846033176975,41.3216116507813,89.2967923157207,34.2210965934746,60.282993484218,2018
"25","4302001","Rio Toro Antes Junta Rio La Laguna",74.0846033176975,41.3216116507813,96.251856795592,40.7222202037205,67.6967162379258,2018
"26","4302001","Rio Toro Antes Junta Rio La Laguna",74.0846033176975,41.3216116507813,78.7046070452943,42.1852115220727,60.3070321627314,2018
"27","4302001","Rio Toro Antes Junta Rio La Laguna",74.0846033176975,41.3216116507813,65.3274638679815,35.1573484636661,50.1328959191015,2018
"28","4302001","Rio Toro Antes Junta Rio La Laguna",65.8005407567412,35.0231722496558,52.4663439663637,23.8586285150871,37.6182892016691,2018
"29","4302001","Rio Toro Antes Junta Rio La Laguna",55.4480238547488,29.2134029434126,60.8802740966539,32.4555846849752,46.9836801416948,2018
"30","4302001","Rio Toro Antes Junta Rio La Laguna",43.1361756818044,22.721386553466,46.6238625431907,24.5121126901978,34.6848716360021,2018
"31","4302001","Rio Toro Antes Junta Rio La Laguna",28.2897487458993,16.0099988812207,32.0137383068191,20.0930600613733,25.7919103661269,2018
"32","4302001","Rio Toro Antes Junta Rio La Laguna",16.9776413455133,10.1170489678999,18.7035944465502,11.8237108189861,15.5188099239306,2018
"33","4302001","Rio Toro Antes Junta Rio La Laguna",8.99416921591094,5.45625172616327,9.31547536937091,5.32734799135979,7.32933381810405,2018
"34","4311001","Estero Derecho En Alcohuaz",211.93863387709,145.849809889495,448.847749655628,81.6450172868446,266.737204181718,2018
"35","4311001","Estero Derecho En Alcohuaz",211.93863387709,145.849809889495,358.056786901814,-32.0767764725946,162.11975525729,2018
"36","4311001","Estero Derecho En Alcohuaz",211.93863387709,145.849809889495,323.588369079541,-30.2943287218976,161.688914535462,2018
"37","4311001","Estero Derecho En Alcohuaz",211.93863387709,145.849809889495,210.604211703966,-17.5979247561353,101.314233286959,2018
"38","4311001","Estero Derecho En Alcohuaz",211.93863387709,145.849809889495,137.215044195564,-40.8129678344788,44.7730819902656,2018
"39","4311001","Estero Derecho En Alcohuaz",189.858203676539,126.895323704178,78.4925926615939,-92.5139426264942,-9.04494486356905,2018
"40","4311001","Estero Derecho En Alcohuaz",163.209444647568,106.133624236094,113.467735045341,-40.489222847307,36.2027918572853,2018
"41","4311001","Estero Derecho En Alcohuaz",124.955609245477,84.3354354461256,87.3608736172704,-31.5563397577576,27.2594240295319,2018
"42","4311001","Estero Derecho En Alcohuaz",71.4926088314603,60.1022780230872,68.3353794305467,3.07156119450886,36.9004061703085,2018
"43","4311001","Estero Derecho En Alcohuaz",36.1607549147726,37.7300519436587,35.1455990813739,7.01056986166868,21.3694135184934,2018
"44","4311001","Estero Derecho En Alcohuaz",17.3290160214274,20.4668239500337,14.4887462325794,4.99547163991795,9.59019999339188,2018
"45","4313001","Rio Cochiguaz En El PeÑOn",246.565242837267,246.381424578754,484.909114585505,122.201204905637,305.422091573782,2018
"46","4313001","Rio Cochiguaz En El PeÑOn",246.565242837267,246.381424578754,350.371222683365,-18.0108935462016,158.612052287919,2018
"47","4313001","Rio Cochiguaz En El PeÑOn",246.565242837267,246.381424578754,340.517261003558,20.4220331676092,179.527362194543,2018
"48","4313001","Rio Cochiguaz En El PeÑOn",246.565242837267,246.381424578754,241.278455607761,36.9632744756648,132.946884220833,2018
"49","4313001","Rio Cochiguaz En El PeÑOn",246.565242837267,246.381424578754,143.741669941181,15.8989219421344,78.332709242071,2018
"50","4313001","Rio Cochiguaz En El PeÑOn",224.443635190765,215.071278581608,92.5143740204218,-29.0427068027711,32.9840314174429,2018
"51","4313001","Rio Cochiguaz En El PeÑOn",193.25478100486,177.83457713036,155.743641518978,46.6519316138989,101.959300531772,2018
"52","4313001","Rio Cochiguaz En El PeÑOn",150.662292368973,138.691920558627,122.246110015421,28.7755756756876,76.636037694897,2018
"53","4313001","Rio Cochiguaz En El PeÑOn",92.7946198997475,94.2799496826147,83.6789334157648,29.9365235287583,56.2384730761667,2018
"54","4313001","Rio Cochiguaz En El PeÑOn",49.7291637880444,55.1277871003052,44.3486957954669,19.8753695571954,32.5752431697674,2018
"55","4313001","Rio Cochiguaz En El PeÑOn",24.4315646552738,28.4954825865995,20.7174004010295,11.8966624150272,16.4769667211405,2018
"56","4503001","Rio Hurtado En Angostura De Pangue",85.9226556242848,53.0798231123232,191.614997217855,16.7217288095805,104.381280457267,2018
"57","4503001","Rio Hurtado En Angostura De Pangue",85.9226556242848,53.0798231123232,128.636024659892,-51.8750338974355,35.0041654245622,2018
"58","4503001","Rio Hurtado En Angostura De Pangue",85.9226556242848,53.0798231123232,136.286573937919,-26.9981163183618,50.6233359763,2018
"59","4503001","Rio Hurtado En Angostura De Pangue",85.9226556242848,53.0798231123232,78.3597776073758,-23.3023035175896,25.9018950220058,2018
"60","4503001","Rio Hurtado En Angostura De Pangue",85.9226556242848,53.0798231123232,44.675241391216,-40.2223555248159,1.64411413336344,2018
"61","4503001","Rio Hurtado En Angostura De Pangue",75.7817086105323,38.8723261137194,10.8011068195047,-66.4560568110757,-28.1335390374385,2018
"62","4503001","Rio Hurtado En Angostura De Pangue",63.5707156520135,29.6882121186202,34.4320622528149,-28.788016915794,4.29692200331825,2018
"63","4503001","Rio Hurtado En Angostura De Pangue",45.0902060206722,20.9779535777809,27.6038453698257,-19.3926714575179,5.29402346161548,2018
"64","4503001","Rio Hurtado En Angostura De Pangue",23.4350704470052,13.5908108564324,18.5707358268107,-6.63836811603653,6.37692943365964,2018
"65","4503001","Rio Hurtado En Angostura De Pangue",12.0431628258018,7.83475932419661,8.08544957786801,-2.47911296752503,2.81579364082873,2018
"66","4503001","Rio Hurtado En Angostura De Pangue",6.26293466479744,4.39487759549896,2.87783401862788,-1.12503621251083,0.814870451302776,2018
"67","4511002","Rio Grande En Las Ramadas",447.790943905837,245.444708129427,835.365124169651,146.529206807163,537.286934721857,2018
"68","4511002","Rio Grande En Las Ramadas",447.790943905837,245.444708129427,605.469353986511,-24.8518163473645,302.681831836297,2018
"69","4511002","Rio Grande En Las Ramadas",447.790943905837,245.444708129427,586.44888460279,-7.17130696924364,278.307048598699,2018
"70","4511002","Rio Grande En Las Ramadas",447.790943905837,245.444708129427,363.909219008075,25.3897186620351,201.348586682388,2018
"71","4511002","Rio Grande En Las Ramadas",447.790943905837,245.444708129427,194.229117578626,-17.8328126733657,91.0873535637929,2018
"72","4511002","Rio Grande En Las Ramadas",398.71475982349,202.390512304822,31.9090812354441,-164.097213037983,-68.8438090968192,2018
"73","4511002","Rio Grande En Las Ramadas",309.758855847915,146.235445962999,109.493416209704,-80.3930171589474,4.13750282187395,2018
"74","4511002","Rio Grande En Las Ramadas",195.234468342892,97.3592829445458,95.5607505392677,-51.6049916833146,21.4449501786602,2018
"75","4511002","Rio Grande En Las Ramadas",98.9225257949306,61.9306298973418,64.0156788860314,6.33726240609711,34.484686369301,2018
"76","4511002","Rio Grande En Las Ramadas",51.8024300096931,35.367140528805,36.8461252205258,15.2848067814238,25.648198830231,2018
"77","4511002","Rio Grande En Las Ramadas",25.2037691140873,19.2814257220365,17.6039475622943,7.22521735746487,12.0522767342961,2018
"78","4513001","Rio Grande En Cuyano",350.210071493515,211.883082033695,666.86410713807,137.241884489948,384.700787319747,2018
"79","4513001","Rio Grande En Cuyano",350.210071493515,211.883082033695,474.510805163799,-100.974124401658,200.652539287687,2018
"80","4513001","Rio Grande En Cuyano",350.210071493515,211.883082033695,409.783624069659,-60.7522081357244,178.748785723407,2018
"81","4513001","Rio Grande En Cuyano",350.210071493515,211.883082033695,286.684351939129,-20.1786070843969,137.993623912291,2018
"82","4513001","Rio Grande En Cuyano",350.210071493515,211.883082033695,127.187391361527,-46.4119314222659,38.8587436171833,2018
"83","4513001","Rio Grande En Cuyano",304.230908572579,174.889814321243,-4.91213410061346,-153.94133410313,-81.9731022676793,2018
"84","4513001","Rio Grande En Cuyano",233.225070126911,125.793031037689,42.3999708864039,-100.323133709425,-30.5418615034692,2018
"85","4513001","Rio Grande En Cuyano",143.205492276938,80.388246540763,48.4761514578306,-71.1795191251631,-13.164203920045,2018
"86","4513001","Rio Grande En Cuyano",72.086864495818,52.4691241252096,40.2681970287435,-15.0083154355077,11.0990116312051,2018
"87","4513001","Rio Grande En Cuyano",36.4508501670419,32.8676065709202,21.6548789956594,1.06497547190485,10.9247293225057,2018
"88","4513001","Rio Grande En Cuyano",17.9218054452932,17.5600675245483,9.45518309669709,0.90970644038345,5.2192549221279,2018
"89","4515002","Rio Mostazal En Caren",108.070561056234,69.8470099983635,173.882775276072,-32.1636377258965,64.91978566972,2018
"90","4515002","Rio Mostazal En Caren",108.070561056234,69.8470099983635,123.175192754723,-86.7454296616302,20.0172272026611,2018
"91","4515002","Rio Mostazal En Caren",108.070561056234,69.8470099983635,149.922493938873,-32.6187330362145,58.8788044337174,2018
"92","4515002","Rio Mostazal En Caren",108.070561056234,69.8470099983635,108.320020256918,-39.3853641735319,29.1874112152947,2018
"93","4515002","Rio Mostazal En Caren",108.070561056234,69.8470099983635,68.5435465361871,-61.8747382640914,5.00355419620837,2018
"94","4515002","Rio Mostazal En Caren",94.2694980169097,57.5258005788306,1.06058747327854,-105.323074964094,-51.0183204615219,2018
"95","4515002","Rio Mostazal En Caren",72.9617058168196,19.8596397341847,39.8950922783381,-61.803649990351,-12.6619614301243,2018
"96","4515002","Rio Mostazal En Caren",45.5201366120988,9.80221640646895,41.843099631195,-39.1165311800835,2.55403674600868,2018
"97","4515002","Rio Mostazal En Caren",22.5920677502218,4.03815033602792,17.1641021461825,-22.2581912384606,-3.26073692749436,2018
"98","4515002","Rio Mostazal En Caren",10.8647362084676,0.741219983280113,7.88792777276522,-6.55325561647996,0.828694450200332,2018
"99","4515002","Rio Mostazal En Caren",4.75390342587779,0.465969342414456,6.62337984116376,-1.1517684873116,2.56760628640005,2018
"100","4522002","Rio Rapel En Junta",99.6080140022474,67.7909266250886,197.336437272168,-51.0405695915356,69.9300112863623,2018
"101","4522002","Rio Rapel En Junta",99.6080140022474,67.7909266250886,141.020573720375,-86.7732393611956,22.2310504885265,2018
"102","4522002","Rio Rapel En Junta",99.6080140022474,67.7909266250886,143.002315746378,-63.6164011779409,47.142241281302,2018
"103","4522002","Rio Rapel En Junta",99.6080140022474,67.7909266250886,80.5396643140104,-43.9747997053672,17.3583040661552,2018
"104","4522002","Rio Rapel En Junta",99.6080140022474,67.7909266250886,50.9145482712457,-69.5354139358319,-10.5573239029465,2018
"105","4522002","Rio Rapel En Junta",87.2466929372657,53.7953908683437,-9.11111886036514,-126.795707362196,-66.2846210277783,2018
"106","4522002","Rio Rapel En Junta",71.6598066324419,20.7193699526086,40.0207185760073,-67.4135898538167,-14.8778787347518,2018
"107","4522002","Rio Rapel En Junta",45.7275949040008,11.3318807192039,41.0318641199643,-35.5642539200486,4.78790412639729,2018
"108","4522002","Rio Rapel En Junta",22.0248277298324,3.68233426324678,18.1261214281469,-15.8155506544841,0.66763204894342,2018
"109","4522002","Rio Rapel En Junta",12.5425838261615,1.8362226609501,7.0441354241426,-12.4210877605045,-2.56194802457331,2018
"110","4522002","Rio Rapel En Junta",7.1192318436736,0.901622180345629,1.49364874850368,-7.14870874567131,-3.01350015734401,2018
"111","4531002","Rio Cogoti Entrada Embalse Cogoti",154.29382890816,105.710800136064,369.225381619795,90.2900355881698,235.397155026089,2018
"112","4531002","Rio Cogoti Entrada Embalse Cogoti",154.29382890816,105.710800136064,225.704718887968,-84.539790120264,61.4069457347469,2018
"113","4531002","Rio Cogoti Entrada Embalse Cogoti",154.29382890816,105.710800136064,241.918653414824,-45.2353935328244,98.8392946453304,2018
"114","4531002","Rio Cogoti Entrada Embalse Cogoti",154.29382890816,105.710800136064,145.905517539273,-67.0494622613745,41.3361144049894,2018
"115","4531002","Rio Cogoti Entrada Embalse Cogoti",154.29382890816,105.710800136064,78.3039222871588,-97.4627680286123,-6.18666310580005,2018
"116","4531002","Rio Cogoti Entrada Embalse Cogoti",125.42214529364,79.0923694065344,42.3158498917162,-107.671639703394,-36.9406183864184,2018
"117","4531002","Rio Cogoti Entrada Embalse Cogoti",91.6470029842389,57.9608167288804,46.3931681190459,-83.2744062522246,-18.3703984511444,2018
"118","4531002","Rio Cogoti Entrada Embalse Cogoti",44.4968912904654,21.5823938583258,48.1598031576817,-41.5698987102711,2.75174833458619,2018
"119","4531002","Rio Cogoti Entrada Embalse Cogoti",14.9533742977509,4.22868969259,11.4674108888719,-16.6766815869316,-2.65702150623825,2018
"120","4531002","Rio Cogoti Entrada Embalse Cogoti",3.9624002340088,2.5895938765357,3.42665035902517,-1.85124502379576,0.879954088441733,2018
"121","4531002","Rio Cogoti Entrada Embalse Cogoti",2.30338103527361,2.18358746997288,2.61891804081472,-1.06398488288032,0.772248626075197,2018
"122","4703002","Rio Choapa En Cuncumen",541.888734780415,223.452573881201,1032.97773495881,402.67738979099,717.424865789005,2018
"123","4703002","Rio Choapa En Cuncumen",541.888734780415,223.452573881201,705.515141226914,64.7310045158458,348.647774200969,2018
"124","4703002","Rio Choapa En Cuncumen",541.888734780415,223.452573881201,613.472255405551,74.7781154973317,345.22261118191,2018
"125","4703002","Rio Choapa En Cuncumen",541.888734780415,223.452573881201,419.826421917386,75.7469217497304,244.914469812997,2018
"126","4703002","Rio Choapa En Cuncumen",541.888734780415,223.452573881201,240.905333517423,42.5668017964502,146.035020170871,2018
"127","4703002","Rio Choapa En Cuncumen",496.730123334017,185.984160857393,183.13716153727,14.5150030689507,96.8577190809696,2018
"128","4703002","Rio Choapa En Cuncumen",404.396565296291,130.234270627801,158.166042097681,7.18427823772117,79.2158588367554,2018
"129","4703002","Rio Choapa En Cuncumen",262.503633132773,84.8181923262449,92.1096381442557,-40.5873864391874,32.2819081656147,2018
"130","4703002","Rio Choapa En Cuncumen",136.422314005662,55.4381515028074,69.7543148149723,-7.55681124799171,32.4001610682945,2018
"131","4703002","Rio Choapa En Cuncumen",63.0405262131214,32.2230726805126,35.8812216751829,8.12094755923691,22.6717976041025,2018
"132","4703002","Rio Choapa En Cuncumen",29.1149688853263,16.787134065539,19.3943018872891,7.36109689590829,13.2422476380946,2018
"133","5100001","Rio Sobrante En Piadero",247.664545095359,85.1557089949891,543.422445514952,186.800592335979,355.902098495583,2018
"134","5100001","Rio Sobrante En Piadero",247.664545095359,85.1557089949891,320.594197874561,-61.1177512385226,129.467637646273,2018
"135","5100001","Rio Sobrante En Piadero",247.664545095359,85.1557089949891,286.512524763141,-34.979105094213,126.244054562765,2018
"136","5100001","Rio Sobrante En Piadero",247.664545095359,85.1557089949891,191.723340284673,-33.4542453819422,77.3893866027964,2018
"137","5100001","Rio Sobrante En Piadero",247.664545095359,85.1557089949891,90.4888608607411,-63.2566695052388,16.7984055080933,2018
"138","5100001","Rio Sobrante En Piadero",204.476703396221,64.6388650958468,16.3815164834113,-124.419402612915,-55.9074143413349,2018
"139","5100001","Rio Sobrante En Piadero",146.479050380491,38.3428841200155,29.7152897358184,-89.8012583082687,-29.7916658008561,2018
"140","5100001","Rio Sobrante En Piadero",83.7761304881594,19.6709397945259,29.1032426728254,-41.1380196945129,-6.3308908629969,2018
"141","5100001","Rio Sobrante En Piadero",44.2212677286369,12.9467174562147,19.5712765956667,-13.9158668927252,1.8337004334664,2018
"142","5100001","Rio Sobrante En Piadero",24.0830321775656,8.09433431272241,13.0015984798837,-2.72504281537373,6.01312568722487,2018
"143","5100001","Rio Sobrante En Piadero",12.3115635467133,3.5459353772622,5.92873914388463,0.504701433798956,3.04394031725581,2018
"144","5101001","Rio Pedernal En Tejada",175.807222566139,88.7484787389898,281.294623818106,2.86750194315307,144.174704050911,2018
"145","5101001","Rio Pedernal En Tejada",175.807222566139,88.7484787389898,213.312744236707,-56.4470667554259,75.3230113682302,2018
"146","5101001","Rio Pedernal En Tejada",175.807222566139,88.7484787389898,201.411184418188,-35.9254673208104,97.4958021163946,2018
"147","5101001","Rio Pedernal En Tejada",175.807222566139,88.7484787389898,178.151096305848,-0.427833234719763,90.6421988836923,2018
"148","5101001","Rio Pedernal En Tejada",175.807222566139,88.7484787389898,141.086049996506,-49.0620436816786,47.256185355872,2018
"149","5101001","Rio Pedernal En Tejada",136.348290073418,66.77924278208,43.3022356137186,-100.963222287165,-28.1950328006799,2018
"150","5101001","Rio Pedernal En Tejada",74.0765303987624,31.7100781516976,7.94266772665532,-78.722887326037,-34.9482041463048,2018
"151","5101001","Rio Pedernal En Tejada",29.6197364236052,13.7262409788655,11.8148888967577,-21.0966776316163,-6.37350150519459,2018
"152","5101001","Rio Pedernal En Tejada",14.1610746618271,6.81223894030946,7.0220074037084,-4.92658240679436,1.40201522387326,2018
"153","5101001","Rio Pedernal En Tejada",6.11088477745297,2.88175428307751,5.38683272469836,-0.201590139205757,2.36955562605043,2018
"154","5101001","Rio Pedernal En Tejada",3.10455018825412,1.26642611597314,3.38303003897236,0.492466005949441,1.94248747177689,2018
"155","5200001","Rio Alicahue En Colliguay",205.336659620033,57.9309609971591,395.880450918313,135.118404918037,258.660838519451,2018
"156","5200001","Rio Alicahue En Colliguay",205.336659620033,57.9309609971591,277.201992810658,14.6524489825266,143.524607959135,2018
"157","5200001","Rio Alicahue En Colliguay",205.336659620033,57.9309609971591,224.397537228068,-17.116066988516,108.419405663433,2018
"158","5200001","Rio Alicahue En Colliguay",205.336659620033,57.9309609971591,159.8949236648,-0.415695796236953,74.9372400995452,2018
"159","5200001","Rio Alicahue En Colliguay",205.336659620033,57.9309609971591,112.843182457709,-32.6281828262162,40.7715506195867,2018
"160","5200001","Rio Alicahue En Colliguay",173.274378539043,48.942818898211,59.0904100862527,-62.3914811533039,-5.06787409616392,2018
"161","5200001","Rio Alicahue En Colliguay",125.286543529338,33.9253674175717,36.4480225180585,-32.0231507352169,0.943634878035325,2018
"162","5200001","Rio Alicahue En Colliguay",80.4160544886643,23.132904696813,21.1717470071366,-27.4492046415428,-2.61836585586402,2018
"163","5200001","Rio Alicahue En Colliguay",47.9547287013172,16.4789468944328,22.3539095064331,-7.96400808456175,6.71224021004794,2018
"164","5200001","Rio Alicahue En Colliguay",26.6434202788459,10.9161397619542,14.8831833124017,0.451897351154197,7.69961985169462,2018
"165","5200001","Rio Alicahue En Colliguay",12.7313125247804,5.83941814934576,5.60136374525572,-0.215771952917003,2.74653433801238,2018
"166","5410002","Rio Aconcagua En Chacabuquito",1012.66806557953,499.614694833875,1589.71753014185,899.495856805454,1283.69868149318,2018
"167","5410002","Rio Aconcagua En Chacabuquito",1012.66806557953,499.614694833875,1186.05883513736,476.80700498775,837.917524841106,2018
"168","5410002","Rio Aconcagua En Chacabuquito",1012.66806557953,499.614694833875,1066.86421960905,466.100031817064,756.186934808493,2018
"169","5410002","Rio Aconcagua En Chacabuquito",1012.66806557953,499.614694833875,786.52481512674,390.095832255213,593.787449703215,2018
"170","5410002","Rio Aconcagua En Chacabuquito",1012.66806557953,499.614694833875,620.868620177198,369.368958481252,502.475247903716,2018
"171","5410002","Rio Aconcagua En Chacabuquito",948.336802771071,458.237484688443,565.795738049756,329.117204787406,448.534837848602,2018
"172","5410002","Rio Aconcagua En Chacabuquito",837.955634801484,397.302315936828,532.077949919171,304.201927299261,421.873469277789,2018
"173","5410002","Rio Aconcagua En Chacabuquito",646.335800417536,311.799163748882,407.871359680191,233.102198908506,325.971028802281,2018
"174","5410002","Rio Aconcagua En Chacabuquito",390.475077090186,184.88100723496,255.927456036903,146.031350542948,201.943723568999,2018
"175","5410002","Rio Aconcagua En Chacabuquito",186.422387057914,105.922606180531,139.656297708322,87.7383290952431,112.897237775653,2018
"176","5410002","Rio Aconcagua En Chacabuquito",79.5215617108581,45.3756225169261,58.5318572402831,37.4138014894191,47.6526644158576,2018
"177","5411001","Estero Pocuro En El Sifon",201.940322058913,60.9807720984007,389.361721196036,167.237773292096,270.211183482414,2018
"178","5411001","Estero Pocuro En El Sifon",201.940322058913,60.9807720984007,259.483883535948,27.181345411364,139.586685258919,2018
"179","5411001","Estero Pocuro En El Sifon",201.940322058913,60.9807720984007,230.874996616838,14.6297876287148,120.720630716462,2018
"180","5411001","Estero Pocuro En El Sifon",201.940322058913,60.9807720984007,167.457551262764,23.6892770017098,98.8243928330355,2018
"181","5411001","Estero Pocuro En El Sifon",201.940322058913,60.9807720984007,123.593755339049,2.13152643906001,63.6069749672987,2018
"182","5411001","Estero Pocuro En El Sifon",156.776077135747,55.2191757454449,54.9349832978519,-31.4071270884228,11.1505378665483,2018
"183","5411001","Estero Pocuro En El Sifon",105.989419341185,42.1917312082076,32.9013285039213,-14.183400262191,8.81938863827522,2018
"184","5411001","Estero Pocuro En El Sifon",63.5689274274942,27.4771388042134,19.6183328020209,-8.82023324151233,4.8302811757366,2018
"185","5411001","Estero Pocuro En El Sifon",36.3317664211754,15.1542606136602,22.0415374836681,4.28816912749531,13.1741413122352,2018
"186","5411001","Estero Pocuro En El Sifon",19.591801291786,8.6098494297595,11.6314684713544,3.28706231780797,7.44584569316241,2018
"187","5411001","Estero Pocuro En El Sifon",9.65851619971819,4.32841575957483,6.31669499563542,1.70269489678358,4.16340680778554,2018
"188","5710001","Rio Maipo En El Manzano",1456.54246721859,942.269696779691,2033.54846983711,1218.20831932131,1622.17738324573,2018
"189","5710001","Rio Maipo En El Manzano",1456.54246721859,942.269696779691,1785.34491968588,1013.9925877248,1406.2774938304,2018
"190","5710001","Rio Maipo En El Manzano",1456.54246721859,942.269696779691,1395.6635289696,822.285889967926,1106.80750743182,2018
"191","5710001","Rio Maipo En El Manzano",1456.54246721859,942.269696779691,1193.28404515435,773.512917583887,990.149921031482,2018
"192","5710001","Rio Maipo En El Manzano",1456.54246721859,942.269696779691,1056.5486330234,676.109686066631,879.013673739635,2018
"193","5710001","Rio Maipo En El Manzano",1352.46658088914,861.863645268668,1013.91591691069,716.045403904804,869.816230347795,2018
"194","5710001","Rio Maipo En El Manzano",1197.49721809761,739.797534203504,989.99579218818,678.921182926091,842.304158206159,2018
"195","5710001","Rio Maipo En El Manzano",975.210578561957,584.335344589236,799.308881569663,540.273662524563,669.119579794973,2018
"196","5710001","Rio Maipo En El Manzano",657.54431440859,378.317398862017,544.082750494915,339.301977782373,446.227617715298,2018
"197","5710001","Rio Maipo En El Manzano",348.138831506594,216.095004364368,306.493956748311,198.736529269403,254.614250877923,2018
"198","5710001","Rio Maipo En El Manzano",156.979545867529,89.5661584383725,144.915734295227,97.716582830716,121.036652692891,2018
"199","5721001","Estero Yerba Loca Antes Junta San Francisco",628.544112328779,407.449472791066,954.534211146395,522.035888142617,744.174919160611,2018
"200","5721001","Estero Yerba Loca Antes Junta San Francisco",628.544112328779,407.449472791066,726.523567427523,329.044190077102,515.599409274395,2018
"201","5721001","Estero Yerba Loca Antes Junta San Francisco",628.544112328779,407.449472791066,674.483396985702,332.891513322972,493.58827057711,2018
"202","5721001","Estero Yerba Loca Antes Junta San Francisco",628.544112328779,407.449472791066,535.490823687128,294.857924100565,418.420605352508,2018
"203","5721001","Estero Yerba Loca Antes Junta San Francisco",628.544112328779,407.449472791066,467.944810177599,256.563973878104,364.173281524872,2018
"204","5721001","Estero Yerba Loca Antes Junta San Francisco",595.872755989889,376.794603070779,492.583285046312,248.967653016474,366.502150379741,2018
"205","5721001","Estero Yerba Loca Antes Junta San Francisco",543.883733755166,332.473322215408,407.567770938626,192.0179552846,294.680481009446,2018
"206","5721001","Estero Yerba Loca Antes Junta San Francisco",448.269290936333,271.397807080051,352.733047946743,189.804311373095,271.0434963377,2018
"207","5721001","Estero Yerba Loca Antes Junta San Francisco",287.800023837775,155.891822185021,236.434238296654,146.122746528748,190.031662777165,2018
"208","5721001","Estero Yerba Loca Antes Junta San Francisco",138.216013872742,84.1493927345311,122.119016922306,74.3782347776033,99.0561862900116,2018
"209","5721001","Estero Yerba Loca Antes Junta San Francisco",57.107653163864,26.5182648168322,56.2723876369508,30.0638673325643,42.8408633093418,2018
"210","5722001","Estero Arrayan En La Montosa",409.078255319627,221.893297758089,798.658158026673,398.441766192191,602.152262585885,2018
"211","5722001","Estero Arrayan En La Montosa",409.078255319627,221.893297758089,541.258146125278,134.819458330995,335.963119461645,2018
"212","5722001","Estero Arrayan En La Montosa",409.078255319627,221.893297758089,422.640044617719,91.1242820050688,260.777541974622,2018
"213","5722001","Estero Arrayan En La Montosa",409.078255319627,221.893297758089,271.285400937752,65.0770449921654,160.857112514703,2018
"214","5722001","Estero Arrayan En La Montosa",409.078255319627,221.893297758089,191.684402633826,33.3757971184282,115.27870906952,2018
"215","5722001","Estero Arrayan En La Montosa",363.192390601317,193.236318903948,166.626532940929,43.7779260236145,102.040034203832,2018
"216","5722001","Estero Arrayan En La Montosa",294.341053117555,150.88658035219,133.386870261903,16.3283771902612,76.6382839166361,2018
"217","5722001","Estero Arrayan En La Montosa",198.952799634706,92.4263434897414,89.7145220866669,4.01711528890121,47.1465843092632,2018
"218","5722001","Estero Arrayan En La Montosa",106.600627839348,56.9152084345274,61.4867923177066,9.01508309961279,33.8042375201424,2018
"219","5722001","Estero Arrayan En La Montosa",54.4017157724434,35.0203454967878,37.5507187231124,16.3793383443036,27.0833601227883,2018
"220","5722001","Estero Arrayan En La Montosa",26.7667011025507,18.7059377806049,20.0070668796618,8.90613922320559,14.5439427681861,2018
"221","5730008","Quebrada Ramon En Recinto Emos",295.511702469544,278.016371227593,685.822979930717,187.165480807358,428.681523300422,2018
"222","5730008","Quebrada Ramon En Recinto Emos",295.511702469544,278.016371227593,556.529944360586,61.5714731467236,301.104367911655,2018
"223","5730008","Quebrada Ramon En Recinto Emos",295.511702469544,278.016371227593,416.215670313133,-45.6482139801237,182.230600650087,2018
"224","5730008","Quebrada Ramon En Recinto Emos",295.511702469544,278.016371227593,348.467693664667,-60.6373675348339,127.562433419863,2018
"225","5730008","Quebrada Ramon En Recinto Emos",295.511702469544,278.016371227593,315.368511261777,-69.8585431047567,119.887729926994,2018
"226","5730008","Quebrada Ramon En Recinto Emos",232.024952499822,220.788722566828,323.525379886619,-43.2042811579819,141.326397567411,2018
"227","5730008","Quebrada Ramon En Recinto Emos",170.325801149712,143.771919355968,177.850038189063,-128.455747036214,30.2025916672833,2018
"228","5730008","Quebrada Ramon En Recinto Emos",135.159413248454,96.4984397009319,121.603884275136,-182.016998872497,-34.3832333592596,2018
"229","5730008","Quebrada Ramon En Recinto Emos",93.5470820192856,67.6630207707077,101.763227523038,-102.169648062357,0.821020555749502,2018
"230","5730008","Quebrada Ramon En Recinto Emos",58.3735792008595,48.0984888449577,63.8463367081315,-62.7498941546496,4.21365356323284,2018
"231","5730008","Quebrada Ramon En Recinto Emos",31.5842272136021,29.9035302424317,37.4410124743962,-33.3199136258438,1.57264055910072,2018
"232","5741001","Estero Puangue En Boqueron",106.055000545006,53.6405070020374,187.02111311103,43.261626289766,109.089820865935,2018
"233","5741001","Estero Puangue En Boqueron",106.055000545006,53.6405070020374,155.932795534217,13.7677614274264,86.6944057559815,2018
"234","5741001","Estero Puangue En Boqueron",106.055000545006,53.6405070020374,115.866962419072,4.98014110724716,58.3049360613704,2018
"235","5741001","Estero Puangue En Boqueron",106.055000545006,53.6405070020374,126.532951680405,19.3701821135711,71.9339331822076,2018
"236","5741001","Estero Puangue En Boqueron",106.055000545006,53.6405070020374,109.751510530642,13.3341876483467,60.8686850182853,2018
"237","5741001","Estero Puangue En Boqueron",53.4480501865339,43.1293270266217,53.2810632321539,13.276836400102,33.2666188774338,2018
"238","5741001","Estero Puangue En Boqueron",28.385156557419,29.1649320207795,28.9795182666128,3.295062443002,15.9728813486047,2018
"239","5741001","Estero Puangue En Boqueron",15.2508561196972,12.0380573824053,15.5822244197107,-1.56053261116187,7.42085809416438,2018
"240","5741001","Estero Puangue En Boqueron",7.36343610030865,5.98030098799434,10.4730345585261,1.87873205439891,5.89106125493131,2018
"241","5741001","Estero Puangue En Boqueron",3.43310196070541,3.16114750276523,4.72553505978989,0.553370329438764,2.49143399653095,2018
"242","5741001","Estero Puangue En Boqueron",1.08513456085111,1.06085861379265,1.11179966167887,-0.146133717179569,0.522430095285221,2018
"243","6003001","Rio Cachapoal 5 Km. Aguas Abajo Junta Cortaderal",2779.64439331268,2015.09018830032,3231.60534851608,2114.23603429647,2697.806693935,2018
"244","6003001","Rio Cachapoal 5 Km. Aguas Abajo Junta Cortaderal",2779.64439331268,2015.09018830032,3093.21433333915,1928.32199076665,2512.62344169011,2018
"245","6003001","Rio Cachapoal 5 Km. Aguas Abajo Junta Cortaderal",2779.64439331268,2015.09018830032,2898.25862356369,1865.83576024091,2380.95863576218,2018
"246","6003001","Rio Cachapoal 5 Km. Aguas Abajo Junta Cortaderal",2779.64439331268,2015.09018830032,2791.89801622372,1891.07794509092,2324.47931273183,2018
"247","6003001","Rio Cachapoal 5 Km. Aguas Abajo Junta Cortaderal",2779.64439331268,2015.09018830032,2679.45015495524,1748.74376130019,2204.53887317774,2018
"248","6003001","Rio Cachapoal 5 Km. Aguas Abajo Junta Cortaderal",2620.73820182978,1869.72112030328,2378.9281396372,1497.5484102774,1903.52434160918,2018
"249","6003001","Rio Cachapoal 5 Km. Aguas Abajo Junta Cortaderal",2385.57189012533,1622.32839416506,2528.16500278045,1714.47205432301,2106.94162101057,2018
"250","6003001","Rio Cachapoal 5 Km. Aguas Abajo Junta Cortaderal",1964.21108136252,1245.4645407853,2052.56710202127,1349.34453406722,1704.74213214036,2018
"251","6003001","Rio Cachapoal 5 Km. Aguas Abajo Junta Cortaderal",1289.80009773246,840.949921373714,1243.42525403805,790.136335745216,1012.38754153553,2018
"252","6003001","Rio Cachapoal 5 Km. Aguas Abajo Junta Cortaderal",665.141491626738,499.812377481636,675.633180245492,430.379459640046,555.052828694413,2018
"253","6003001","Rio Cachapoal 5 Km. Aguas Abajo Junta Cortaderal",295.694186831429,215.84667885106,297.224294967912,201.55607315322,247.05143264765,2018
"254","6027001","Rio Claro En El Valle",1282.04505688295,983.454408699527,2128.36245777351,1197.67429035691,1637.59578750376,2018
"255","6027001","Rio Claro En El Valle",1282.04505688295,983.454408699527,1698.89397113043,742.303048610465,1217.91068353694,2018
"256","6027001","Rio Claro En El Valle",1282.04505688295,983.454408699527,1461.40727079148,573.194733414765,1015.51631880098,2018
"257","6027001","Rio Claro En El Valle",1282.04505688295,983.454408699527,1254.29174486105,516.300926441789,874.423708709737,2018
"258","6027001","Rio Claro En El Valle",1282.04505688295,983.454408699527,992.850053037511,384.460537381591,698.400690867868,2018
"259","6027001","Rio Claro En El Valle",972.544390112724,782.313208464339,694.267231204218,248.930557657638,471.302590312769,2018
"260","6027001","Rio Claro En El Valle",622.40114331091,442.195703052842,521.004703173739,200.845469641015,357.058996231078,2018
"261","6027001","Rio Claro En El Valle",325.312575317417,167.597582655282,299.580457113548,73.8832553840074,187.283921950727,2018
"262","6027001","Rio Claro En El Valle",151.767705058353,63.4361826533112,190.865910427709,29.312550060806,113.654122169852,2018
"263","6027001","Rio Claro En El Valle",78.354137193681,38.7960437656518,136.478270800952,7.61302840531498,72.3529054757765,2018
"264","6027001","Rio Claro En El Valle",40.9842966765884,27.6140972115107,78.7250643337057,-8.83359891838458,35.022023149304,2018
"265","7103001","Rio Claro En Los QueÑEs",2266.73694548685,1848.59261701934,3223.59708876651,2005.26213090268,2631.14170438093,2018
"266","7103001","Rio Claro En Los QueÑEs",2266.73694548685,1848.59261701934,2860.37619809009,1601.15603618164,2238.3077859091,2018
"267","7103001","Rio Claro En Los QueÑEs",2266.73694548685,1848.59261701934,2374.56415065192,1348.9865255403,1842.82765855216,2018
"268","7103001","Rio Claro En Los QueÑEs",2266.73694548685,1848.59261701934,2092.51289295213,1249.30721396715,1671.90117148992,2018
"269","7103001","Rio Claro En Los QueÑEs",2266.73694548685,1848.59261701934,1836.7168667522,1117.1406045696,1472.12155314925,2018
"270","7103001","Rio Claro En Los QueÑEs",1862.52982937739,1579.27936079098,1441.43379983247,986.380105482243,1218.8150312046,2018
"271","7103001","Rio Claro En Los QueÑEs",1420.57861584391,1175.68650658189,1235.76803899564,879.425580681007,1048.19162616704,2018
"272","7103001","Rio Claro En Los QueÑEs",969.817746223819,651.253987787435,857.8216135289,600.171788813312,728.177597042286,2018
"273","7103001","Rio Claro En Los QueÑEs",546.071102880471,353.740562626738,483.627817316859,321.149386570879,402.139944368131,2018
"274","7103001","Rio Claro En Los QueÑEs",265.00781970384,193.589746655435,252.82629233246,180.073259408304,216.828405605271,2018
"275","7103001","Rio Claro En Los QueÑEs",119.631570715138,117.043783044874,119.976435747865,88.7526266761205,104.408034086965,2018
"276","7112001","Rio Colorado En Junta Con Palos",2776.2064547794,1963.40546416273,3619.84301419447,2170.93940152174,2923.24588811823,2018
"277","7112001","Rio Colorado En Junta Con Palos",2776.2064547794,1963.40546416273,3304.83152006359,1917.05877949486,2607.01301126048,2018
"278","7112001","Rio Colorado En Junta Con Palos",2776.2064547794,1963.40546416273,2897.75579583962,1708.73635436172,2298.98007561874,2018
"279","7112001","Rio Colorado En Junta Con Palos",2776.2064547794,1963.40546416273,2522.56413705678,1649.09624016849,2077.67873856304,2018
"280","7112001","Rio Colorado En Junta Con Palos",2776.2064547794,1963.40546416273,2200.56179021744,1421.63658660966,1806.46609670781,2018
"281","7112001","Rio Colorado En Junta Con Palos",2508.41301471489,1774.55500362488,1977.07472660385,1381.06918435954,1689.28426461281,2018
"282","7112001","Rio Colorado En Junta Con Palos",2092.47369029856,1446.18445207137,1939.73340839038,1320.11010876085,1622.08068707105,2018
"283","7112001","Rio Colorado En Junta Con Palos",1487.70146117897,932.923440856797,1418.00790109734,908.750600600016,1158.99620882837,2018
"284","7112001","Rio Colorado En Junta Con Palos",805.886621828176,472.724910791679,765.912834373874,458.302166230321,595.971469970342,2018
"285","7112001","Rio Colorado En Junta Con Palos",367.79628951448,269.750418782204,367.88189281148,232.570640450554,302.439584795011,2018
"286","7112001","Rio Colorado En Junta Con Palos",168.150842758221,164.53701348134,165.19406071541,111.631168132645,139.40867042177,2018
"287","7115001","Rio Palos En Junta Con Colorado",2920.65392448894,2113.27613498961,4010.1610806083,2630.76827600569,3357.01958128197,2018
"288","7115001","Rio Palos En Junta Con Colorado",2920.65392448894,2113.27613498961,3508.23368056701,2123.67335435804,2811.39082183969,2018
"289","7115001","Rio Palos En Junta Con Colorado",2920.65392448894,2113.27613498961,3057.1859394651,1885.11993709552,2436.76013311358,2018
"290","7115001","Rio Palos En Junta Con Colorado",2920.65392448894,2113.27613498961,2705.45503473726,1778.0138121751,2242.77226747661,2018
"291","7115001","Rio Palos En Junta Con Colorado",2920.65392448894,2113.27613498961,2301.34782876949,1548.84205303695,1918.91387741235,2018
"292","7115001","Rio Palos En Junta Con Colorado",2572.81666138045,1884.34486958581,2012.13389536726,1481.30765794388,1767.7177108415,2018
"293","7115001","Rio Palos En Junta Con Colorado",2128.1948154741,1530.28066116961,1878.30499126538,1367.96047522713,1625.51712349869,2018
"294","7115001","Rio Palos En Junta Con Colorado",1582.94257389863,1070.40715498213,1475.34313460801,1043.61157863736,1267.32278861875,2018
"295","7115001","Rio Palos En Junta Con Colorado",983.719443354069,618.440438356406,880.890900888346,609.225709542939,738.529633032998,2018
"296","7115001","Rio Palos En Junta Con Colorado",522.735395711719,338.334419933506,482.203989648082,343.761944955801,413.769139726768,2018
"297","7115001","Rio Palos En Junta Con Colorado",251.897376636496,172.569109984366,239.791219469756,166.670834341262,205.133843042055,2018
"298","7330001","Rio Perquilauquen En San Manuel",1718.71364895381,1874.16112591014,2365.94407494787,1469.23316449704,1947.37621754428,2018
"299","7330001","Rio Perquilauquen En San Manuel",1718.71364895381,1874.16112591014,2244.74342498407,1239.23545502901,1729.9330413224,2018
"300","7330001","Rio Perquilauquen En San Manuel",1718.71364895381,1874.16112591014,1988.28780751897,1133.40892873642,1573.16029814671,2018
"301","7330001","Rio Perquilauquen En San Manuel",1718.71364895381,1874.16112591014,1814.47214983947,907.405912601926,1364.59339493045,2018
"302","7330001","Rio Perquilauquen En San Manuel",1718.71364895381,1874.16112591014,1747.11305611882,895.594747619151,1291.72455398044,2018
"303","7330001","Rio Perquilauquen En San Manuel",1089.47527645052,1374.73323056123,1060.79932643063,559.98165889431,809.254034356235,2018
"304","7330001","Rio Perquilauquen En San Manuel",578.527792339723,706.838315175841,581.37292921014,344.323032353116,460.21712113886,2018
"305","7330001","Rio Perquilauquen En San Manuel",296.842095451734,259.87620283529,335.464855918154,173.767914459439,252.67248663321,2018
"306","7330001","Rio Perquilauquen En San Manuel",146.504372522584,120.521080283087,168.339376306183,88.4383375897663,128.432903014992,2018
"307","7330001","Rio Perquilauquen En San Manuel",82.3365697040344,67.9969029028147,107.634282198822,33.6316556820067,71.2426195710443,2018
"308","7330001","Rio Perquilauquen En San Manuel",45.9380722669199,39.8433863316109,80.2943998598306,11.7491896432809,45.5543324985333,2018
"309","7350003","Rio Longavi En El Castillo",2499.65139846824,2891.95199868856,3398.14544595999,2202.76565716124,2803.4472927733,2018
"310","7350003","Rio Longavi En El Castillo",2499.65139846824,2891.95199868856,3219.58087148715,1943.48957111015,2596.58829554527,2018
"311","7350003","Rio Longavi En El Castillo",2499.65139846824,2891.95199868856,2915.83878531619,1737.94701974758,2316.27877550085,2018
"312","7350003","Rio Longavi En El Castillo",2499.65139846824,2891.95199868856,2606.46837098487,1510.11562963753,2112.86210681996,2018
"313","7350003","Rio Longavi En El Castillo",2499.65139846824,2891.95199868856,2464.56244107872,1452.84793793264,1978.29092606104,2018
"314","7350003","Rio Longavi En El Castillo",1823.45701189706,2309.07066400284,1677.79868181901,1053.14098654137,1350.74450008149,2018
"315","7350003","Rio Longavi En El Castillo",1183.39265067956,1360.22434198496,1138.85265029033,771.11474665446,950.391819296329,2018
"316","7350003","Rio Longavi En El Castillo",725.62444933363,694.930849206069,755.481064226581,507.335808687952,621.194039800298,2018
"317","7350003","Rio Longavi En El Castillo",401.619316853896,344.330596587092,430.747663515781,261.532033027443,342.628615646883,2018
"318","7350003","Rio Longavi En El Castillo",212.74412871558,170.006976000295,250.447098036432,122.226143570159,189.668848241105,2018
"319","7350003","Rio Longavi En El Castillo",108.855115948643,93.5859291594271,166.215586296989,49.9854740383607,108.208910703424,2018
"320","7354002","Rio Achibueno En La Recova",1682.51129065198,1656.09383101795,2265.33799101343,1425.15318776561,1869.15936713721,2018
"321","7354002","Rio Achibueno En La Recova",1682.51129065198,1656.09383101795,2110.92205572575,1258.4932224783,1718.7076546355,2018
"322","7354002","Rio Achibueno En La Recova",1682.51129065198,1656.09383101795,1878.09573664907,1071.27355636939,1479.30525661905,2018
"323","7354002","Rio Achibueno En La Recova",1682.51129065198,1656.09383101795,1706.98074655045,990.381551502431,1317.72611820156,2018
"324","7354002","Rio Achibueno En La Recova",1682.51129065198,1656.09383101795,1502.9155098603,920.637226204079,1199.2873541619,2018
"325","7354002","Rio Achibueno En La Recova",1246.74023006572,1332.32797907274,1082.05047331074,699.850219374517,884.747643246062,2018
"326","7354002","Rio Achibueno En La Recova",844.453038163043,878.131845697514,739.347269695236,497.134155047306,616.674978428653,2018
"327","7354002","Rio Achibueno En La Recova",507.434728312871,493.129446954732,483.142217553038,317.5309600699,397.786527299787,2018
"328","7354002","Rio Achibueno En La Recova",258.731724927493,231.480128211548,261.880420087817,156.156148736104,209.032629837778,2018
"329","7354002","Rio Achibueno En La Recova",124.42892582409,101.263791952811,135.693501908127,72.8953851608604,104.776399373325,2018
"330","7354002","Rio Achibueno En La Recova",59.7434270037054,54.6455798400054,83.8695611279834,27.221782665524,55.281444050761,2018
"331","7358001","Rio Putagan En Yerbas Buenas",2298.1465150801,1760.76823912959,2946.39624839479,1848.48398861812,2369.48079590672,2018
"332","7358001","Rio Putagan En Yerbas Buenas",2298.1465150801,1760.76823912959,2950.65935225713,1911.32468542476,2460.39032030335,2018
"333","7358001","Rio Putagan En Yerbas Buenas",2298.1465150801,1760.76823912959,2718.34242227294,1660.64622711657,2194.25570696872,2018
"334","7358001","Rio Putagan En Yerbas Buenas",2298.1465150801,1760.76823912959,2637.26143177302,1577.25374128727,2100.68655720921,2018
"335","7358001","Rio Putagan En Yerbas Buenas",2298.1465150801,1760.76823912959,2523.66858332636,1442.84159921713,2003.15371340113,2018
"336","7358001","Rio Putagan En Yerbas Buenas",1939.4770772775,1442.48784693423,2214.74111850862,1247.51394909831,1723.59562111096,2018
"337","7358001","Rio Putagan En Yerbas Buenas",1604.95240124629,1027.33887886728,1911.97095225959,979.797207558557,1415.41729670618,2018
"338","7358001","Rio Putagan En Yerbas Buenas",1301.18692126687,897.84575512714,1699.87074368195,702.668622822796,1191.3954253605,2018
"339","7358001","Rio Putagan En Yerbas Buenas",986.561434607171,698.295928090341,1376.60779906491,505.031109722811,964.561650532583,2018
"340","7358001","Rio Putagan En Yerbas Buenas",636.082891096195,465.867078708562,919.471033395106,315.030429199113,595.644334744116,2018
"341","7358001","Rio Putagan En Yerbas Buenas",332.155645396102,261.23058849436,380.511793610925,146.940679515061,267.821776152391,2018
"342","7381001","Estero Los Puercos En Puente Los Puercos",247.532478118552,243.852591156719,318.806899904752,139.778355123046,230.1147366669,2018
"343","7381001","Estero Los Puercos En Puente Los Puercos",247.532478118552,243.852591156719,340.80321285077,157.617637022805,244.212780109138,2018
"344","7381001","Estero Los Puercos En Puente Los Puercos",247.532478118552,243.852591156719,292.82059372981,117.060863639884,204.273939001893,2018
"345","7381001","Estero Los Puercos En Puente Los Puercos",247.532478118552,243.852591156719,291.67338823516,105.49977144694,196.88956295191,2018
"346","7381001","Estero Los Puercos En Puente Los Puercos",247.532478118552,243.852591156719,266.544614621846,100.14655303318,177.990904013261,2018
"347","7381001","Estero Los Puercos En Puente Los Puercos",198.91268925125,204.433849975993,248.863883261643,100.180921941516,169.239268503968,2018
"348","7381001","Estero Los Puercos En Puente Los Puercos",161.913733398674,159.602382373561,191.929080149319,60.4256214180741,131.994214045798,2018
"349","7381001","Estero Los Puercos En Puente Los Puercos",127.963590860503,132.427578103107,151.867831672108,53.7403241673774,102.93401629987,2018
"350","7381001","Estero Los Puercos En Puente Los Puercos",97.4039487330985,101.675953505534,117.52494514663,36.7117789890661,75.7650330992834,2018
"351","7381001","Estero Los Puercos En Puente Los Puercos",69.3558542157879,66.9820252967452,87.6767123609869,26.1049592139981,56.4899279569541,2018
"352","7381001","Estero Los Puercos En Puente Los Puercos",42.1514206923745,41.0877483513489,54.6322956049747,11.58228530348,31.8125716593932,2018
"353","8104001","Rio Sauces Antes Junta Con ÑUble",2281.04554054865,2825.58640856324,3123.11187704954,1952.11016569645,2514.76919627571,2018
"354","8104001","Rio Sauces Antes Junta Con ÑUble",2281.04554054865,2825.58640856324,2779.8932908068,1629.00095746671,2238.67417739651,2018
"355","8104001","Rio Sauces Antes Junta Con ÑUble",2281.04554054865,2825.58640856324,2519.02319181414,1550.31579442157,2044.93249609154,2018
"356","8104001","Rio Sauces Antes Junta Con ÑUble",2281.04554054865,2825.58640856324,2342.53168039084,1488.45586365351,1906.7377011568,2018
"357","8104001","Rio Sauces Antes Junta Con ÑUble",2281.04554054865,2825.58640856324,2103.61258080756,1349.2146393958,1734.59195049565,2018
"358","8104001","Rio Sauces Antes Junta Con ÑUble",1771.96499645837,2331.55177676246,1582.40131587094,981.180307899373,1279.85707539709,2018
"359","8104001","Rio Sauces Antes Junta Con ÑUble",1145.59614880688,1496.11130866547,1070.91453416116,664.249982111464,855.952740020747,2018
"360","8104001","Rio Sauces Antes Junta Con ÑUble",633.810909736005,703.382098223631,674.878120296377,390.883066306912,531.353926642892,2018
"361","8104001","Rio Sauces Antes Junta Con ÑUble",310.919594687026,306.392444205756,343.963313295814,192.880372036287,265.158414518958,2018
"362","8104001","Rio Sauces Antes Junta Con ÑUble",157.171764508578,167.27442296254,185.529844623931,93.155621381037,141.1837111163,2018
"363","8104001","Rio Sauces Antes Junta Con ÑUble",78.9158844076173,92.7454746379494,108.048304413954,51.8556965897629,81.0300992666212,2018
"364","8135002","Rio Itata En Balsa Nueva Aldea",694.428182907791,805.952043132194,880.216607692145,486.802475651071,684.840744394954,2018
"365","8135002","Rio Itata En Balsa Nueva Aldea",694.428182907791,805.952043132194,892.995274363059,473.58612372568,671.477758794215,2018
"366","8135002","Rio Itata En Balsa Nueva Aldea",694.428182907791,805.952043132194,821.262317727533,402.889597356666,621.74653524352,2018
"367","8135002","Rio Itata En Balsa Nueva Aldea",694.428182907791,805.952043132194,766.282915252207,376.744461634041,574.811113123874,2018
"368","8135002","Rio Itata En Balsa Nueva Aldea",694.428182907791,805.952043132194,656.599579647716,307.189461066586,478.163088064324,2018
"369","8135002","Rio Itata En Balsa Nueva Aldea",405.483448629732,552.956616235738,411.055039254653,191.870372807762,298.143726245401,2018
"370","8135002","Rio Itata En Balsa Nueva Aldea",212.196500396467,234.677574066374,239.839125157504,112.586815628055,174.653629179697,2018
"371","8135002","Rio Itata En Balsa Nueva Aldea",114.750147543222,94.5847454191019,138.505669386955,69.8422035997218,106.184256362094,2018
"372","8135002","Rio Itata En Balsa Nueva Aldea",66.242881752814,63.5899319002817,83.1233509370455,41.4861599977875,60.4188985904915,2018
"373","8135002","Rio Itata En Balsa Nueva Aldea",42.364771204056,42.7333027970384,56.3921738985431,22.0422904264892,40.5042101961572,2018
"374","8135002","Rio Itata En Balsa Nueva Aldea",25.115864643115,21.581329232137,39.5600741011145,14.8382563912971,26.0637028456792,2018
"375","8220001","Rio Andalien Camino A Penco",428.26664565688,686.320024423586,517.079826990814,277.535961004899,397.847971902751,2018
"376","8220001","Rio Andalien Camino A Penco",428.26664565688,686.320024423586,527.719793905541,311.233927024913,421.026965690632,2018
"377","8220001","Rio Andalien Camino A Penco",428.26664565688,686.320024423586,459.018865732705,265.887677954367,367.652371743938,2018
"378","8220001","Rio Andalien Camino A Penco",428.26664565688,686.320024423586,403.11151702811,236.205274249771,326.013352478829,2018
"379","8220001","Rio Andalien Camino A Penco",428.26664565688,686.320024423586,338.756802247995,184.972129093205,258.706371416065,2018
"380","8220001","Rio Andalien Camino A Penco",276.81515854271,556.602525957429,266.33660691424,147.066917127821,212.06272704584,2018
"381","8220001","Rio Andalien Camino A Penco",174.426201750088,399.231939652139,197.000867007145,97.8928556041923,148.102269704548,2018
"382","8220001","Rio Andalien Camino A Penco",115.923990468343,291.844695628326,144.7792273773,63.7683370805976,105.246961660941,2018
"383","8220001","Rio Andalien Camino A Penco",74.496130207598,214.072920838365,100.022534243575,38.4264195163304,67.8838721349402,2018
"384","8220001","Rio Andalien Camino A Penco",45.319011271805,88.1680237513725,62.6078469346867,19.1717633774703,39.6789952767258,2018
"385","8220001","Rio Andalien Camino A Penco",27.7193807394109,46.6124795996626,45.8920477436607,6.37998631837903,26.3605017458543,2018
"386","8317002","Rio Lirquen En Cerro El Padre",1480.56990855364,1830.19210761045,1921.15782677555,1118.59367123868,1521.61528818073,2018
"387","8317002","Rio Lirquen En Cerro El Padre",1480.56990855364,1830.19210761045,1852.49495518403,1071.76989539569,1468.96288119841,2018
"388","8317002","Rio Lirquen En Cerro El Padre",1480.56990855364,1830.19210761045,1789.80882996943,1033.79424090515,1411.47346342099,2018
"389","8317002","Rio Lirquen En Cerro El Padre",1480.56990855364,1830.19210761045,1780.83028636345,988.721414103539,1375.79793389007,2018
"390","8317002","Rio Lirquen En Cerro El Padre",1480.56990855364,1830.19210761045,1557.24267776915,866.594029589485,1215.94054485441,2018
"391","8317002","Rio Lirquen En Cerro El Padre",881.096583981374,1298.8717456133,1054.81504499099,494.89259369928,810.232216751968,2018
"392","8317002","Rio Lirquen En Cerro El Padre",475.811882636886,637.39771052609,579.613188124913,283.674953684234,438.01499733509,2018
"393","8317002","Rio Lirquen En Cerro El Padre",249.298251409327,294.124473953323,329.344160429436,158.697469403667,249.413951039458,2018
"394","8317002","Rio Lirquen En Cerro El Padre",111.369173989131,171.790888654647,144.962387157035,71.9885772640316,107.004552155722,2018
"395","8317002","Rio Lirquen En Cerro El Padre",58.4957338413068,105.021142122369,89.6659220532118,22.5861806449183,58.3367007253267,2018
"396","8317002","Rio Lirquen En Cerro El Padre",32.4455855262261,66.8548263514795,72.2430161969111,14.5285444788135,42.5982172177631,2018
"397","8323002","Rio Duqueco En Villucura",2058.63867987639,2663.38814724082,2566.6675801956,1618.72023576837,2126.75485152043,2018
"398","8323002","Rio Duqueco En Villucura",2058.63867987639,2663.38814724082,2583.73347958756,1564.85044291479,2065.90419546493,2018
"399","8323002","Rio Duqueco En Villucura",2058.63867987639,2663.38814724082,2491.15881337474,1500.01844021134,2002.13693315446,2018
"400","8323002","Rio Duqueco En Villucura",2058.63867987639,2663.38814724082,2351.89237718839,1422.02197302896,1907.60424481155,2018
"401","8323002","Rio Duqueco En Villucura",2058.63867987639,2663.38814724082,2146.50118240405,1277.25913786545,1717.88513227575,2018
"402","8323002","Rio Duqueco En Villucura",1430.85185349501,2050.56215615457,1559.01195483029,934.601123059399,1255.35927703046,2018
"403","8323002","Rio Duqueco En Villucura",923.8944433597,1283.03186565584,1001.49776804444,706.017977294138,857.345725399267,2018
"404","8323002","Rio Duqueco En Villucura",580.216537772044,675.218037982722,658.527747321765,480.972635576655,574.632578898428,2018
"405","8323002","Rio Duqueco En Villucura",335.947773015472,363.614851364252,385.178878965037,273.288993943663,325.96038714035,2018
"406","8323002","Rio Duqueco En Villucura",185.711936104373,173.25671937553,222.506314446313,146.570738749158,184.858704170439,2018
"407","8323002","Rio Duqueco En Villucura",92.805691284647,91.2297381775491,126.9521481513,80.9729573262685,103.230938164584,2018
"408","8330001","Rio Mulchen En Mulchen",1179.4407311143,1250.18788749258,1414.84916318826,939.748613048333,1186.81834069339,2018
"409","8330001","Rio Mulchen En Mulchen",1179.4407311143,1250.18788749258,1413.6967871113,943.361471763111,1182.27091453273,2018
"410","8330001","Rio Mulchen En Mulchen",1179.4407311143,1250.18788749258,1400.180669288,918.856347204633,1169.01233464773,2018
"411","8330001","Rio Mulchen En Mulchen",1179.4407311143,1250.18788749258,1350.0894862166,896.887835744595,1121.6232587557,2018
"412","8330001","Rio Mulchen En Mulchen",1179.4407311143,1250.18788749258,1226.36517305805,795.309891480659,1004.71717610428,2018
"413","8330001","Rio Mulchen En Mulchen",769.222660824381,873.341472656034,851.37100584552,528.638387782433,692.130696118938,2018
"414","8330001","Rio Mulchen En Mulchen",487.364036531968,455.288654284116,535.698722913571,364.627002290662,450.156868032498,2018
"415","8330001","Rio Mulchen En Mulchen",310.617332248419,165.604251055378,354.353673179605,258.755732802126,305.503699980976,2018
"416","8330001","Rio Mulchen En Mulchen",195.93437539924,69.2369495972086,224.130680677024,164.625120417057,193.775365102207,2018
"417","8330001","Rio Mulchen En Mulchen",116.813257563326,1.76478481846592,137.289566894443,95.2120473271356,116.261367517041,2018
"418","8330001","Rio Mulchen En Mulchen",62.3358844220694,0.971895822662321,74.6099909772994,48.9468121990682,61.5994982878976,2018
"419","8332001","Rio Bureo En Mulchen",1699.2649465339,1906.28710907715,2044.01902281484,1366.90295796779,1720.28002438655,2018
"420","8332001","Rio Bureo En Mulchen",1699.2649465339,1906.28710907715,2047.14698803079,1348.82535251538,1705.36091842189,2018
"421","8332001","Rio Bureo En Mulchen",1699.2649465339,1906.28710907715,1993.27467616972,1323.65837504193,1656.46398300815,2018
"422","8332001","Rio Bureo En Mulchen",1699.2649465339,1906.28710907715,1925.77694217067,1252.56771462998,1577.54505725027,2018
"423","8332001","Rio Bureo En Mulchen",1699.2649465339,1906.28710907715,1826.49067971386,1176.90714328243,1506.48330088296,2018
"424","8332001","Rio Bureo En Mulchen",1064.84730114415,1335.06843716854,1234.57699272347,735.461225229419,982.554056804545,2018
"425","8332001","Rio Bureo En Mulchen",657.115572328154,709.959201934288,780.896170449309,487.830316351956,640.84655461497,2018
"426","8332001","Rio Bureo En Mulchen",425.106023364251,405.190060742417,552.462626956669,298.381674535792,425.546074964594,2018
"427","8332001","Rio Bureo En Mulchen",265.338325820997,277.333209512713,348.71217538029,179.888793789138,269.864052719126,2018
"428","8332001","Rio Bureo En Mulchen",152.736853273396,151.165225811969,200.602898242472,109.897309684114,153.946511344558,2018
"429","8332001","Rio Bureo En Mulchen",82.9112173780059,83.1692098176837,116.532782399823,51.3523074941775,83.7755679185876,2018
"430","8342001","Rio Renaico En Longitudinal",1814.2214126738,2257.85725547063,2283.75279515439,1274.16293839183,1795.83537458565,2018
"431","8342001","Rio Renaico En Longitudinal",1814.2214126738,2257.85725547063,2299.50837837085,1292.78677861865,1815.20111741979,2018
"432","8342001","Rio Renaico En Longitudinal",1814.2214126738,2257.85725547063,2278.37943573444,1281.08357076396,1774.16782326476,2018
"433","8342001","Rio Renaico En Longitudinal",1814.2214126738,2257.85725547063,2309.43919504072,1344.578418905,1832.4425360978,2018
"434","8342001","Rio Renaico En Longitudinal",1814.2214126738,2257.85725547063,2199.189883851,1273.64064133529,1763.32277966109,2018
"435","8342001","Rio Renaico En Longitudinal",1154.33908049315,1644.35356891626,1355.66136698335,796.294781694417,1088.46058350951,2018
"436","8342001","Rio Renaico En Longitudinal",682.196053665105,720.255099369951,805.077717007063,500.863676399299,646.564325555777,2018
"437","8342001","Rio Renaico En Longitudinal",405.44737286091,207.038798089825,510.292463736359,291.946101132895,398.630156108799,2018
"438","8342001","Rio Renaico En Longitudinal",233.107839412832,118.082173593529,281.60714675399,185.000486921168,231.200054342686,2018
"439","8342001","Rio Renaico En Longitudinal",133.623315319154,82.3115635852527,161.729276924972,95.3222367054915,131.089358059829,2018
"440","8342001","Rio Renaico En Longitudinal",69.434577672032,68.7727448800902,94.0660143553198,54.6275205199566,74.6917610173137,2018
"441","8343001","Rio Mininco En Longitudinal",1034.84118312399,1162.62259612562,1321.07039692014,762.180454509433,1029.99351508244,2018
"442","8343001","Rio Mininco En Longitudinal",1034.84118312399,1162.62259612562,1322.63550942032,771.764596005719,1030.57191383288,2018
"443","8343001","Rio Mininco En Longitudinal",1034.84118312399,1162.62259612562,1257.89908241307,725.141226241152,977.00140581993,2018
"444","8343001","Rio Mininco En Longitudinal",1034.84118312399,1162.62259612562,1232.49585122382,723.063906507071,975.189608342828,2018
"445","8343001","Rio Mininco En Longitudinal",1034.84118312399,1162.62259612562,1134.01047874558,618.44417629435,890.39858165384,2018
"446","8343001","Rio Mininco En Longitudinal",629.518529663974,816.806149719833,756.072452370795,400.482837006152,590.384906289509,2018
"447","8343001","Rio Mininco En Longitudinal",370.878018361179,613.476334388358,439.596397203922,246.954332659642,343.938136551495,2018
"448","8343001","Rio Mininco En Longitudinal",206.898007975337,293.002736618879,250.683234596581,164.786777026229,206.198180359838,2018
"449","8343001","Rio Mininco En Longitudinal",113.803452614171,139.924537919659,141.019551424334,85.4862572833701,114.398589351286,2018
"450","8343001","Rio Mininco En Longitudinal",63.5913558944111,71.1071566487924,88.0766600961344,44.257808523887,65.9247000064504,2018
"451","8343001","Rio Mininco En Longitudinal",35.7831603501021,40.1802675247867,51.0960876716597,11.8120970052606,31.9135664530408,2018
"452","8351001","Rio Malleco En Collipulli",1724.72951412667,1858.82752478249,2135.17598567497,1354.67607495129,1747.03729612245,2018
"453","8351001","Rio Malleco En Collipulli",1724.72951412667,1858.82752478249,2092.73719195037,1326.48055849445,1730.02964312512,2018
"454","8351001","Rio Malleco En Collipulli",1724.72951412667,1858.82752478249,2093.9346302336,1394.76858730529,1754.65947588142,2018
"455","8351001","Rio Malleco En Collipulli",1724.72951412667,1858.82752478249,1986.51529852948,1282.62894546671,1607.68748895739,2018
"456","8351001","Rio Malleco En Collipulli",1724.72951412667,1858.82752478249,1881.52952332627,1153.71730732472,1541.39162037347,2018
"457","8351001","Rio Malleco En Collipulli",1108.31132974921,1402.81440530098,1323.36172840296,755.81937956476,1036.78143745585,2018
"458","8351001","Rio Malleco En Collipulli",659.256635319416,774.213736477915,776.519964848028,493.562909541398,624.897827273357,2018
"459","8351001","Rio Malleco En Collipulli",393.972108709472,419.57882943201,481.141934425381,289.763544511289,389.019515345328,2018
"460","8351001","Rio Malleco En Collipulli",202.297641801983,262.526227740252,244.589157120317,159.162038512069,200.352747707862,2018
"461","8351001","Rio Malleco En Collipulli",112.092595596968,155.516371976262,139.108560595274,85.7180132869291,112.292715837187,2018
"462","8351001","Rio Malleco En Collipulli",59.0328413996682,93.4621872474487,85.0329124308866,44.4826939548746,66.0035934389967,2018
"463","8362001","Rio Nicodahue En Pichun",1051.80165760911,1084.58727762573,1285.9813991326,841.382298938433,1066.68480925583,2018
"464","8362001","Rio Nicodahue En Pichun",1051.80165760911,1084.58727762573,1289.6088257316,854.37608923717,1077.85288824818,2018
"465","8362001","Rio Nicodahue En Pichun",1051.80165760911,1084.58727762573,1169.32599708932,819.402704417244,993.796497064404,2018
"466","8362001","Rio Nicodahue En Pichun",1051.80165760911,1084.58727762573,1111.38511098185,789.585015615997,949.779306817352,2018
"467","8362001","Rio Nicodahue En Pichun",1051.80165760911,1084.58727762573,1017.20405959519,699.83940119719,845.630818522788,2018
"468","8362001","Rio Nicodahue En Pichun",717.951469314391,776.824207505112,744.034610264003,510.151696839,628.221064795216,2018
"469","8362001","Rio Nicodahue En Pichun",463.368028863388,436.323709608882,469.131409842943,345.666607606455,404.395899390782,2018
"470","8362001","Rio Nicodahue En Pichun",301.301736437679,234.694163823461,320.771979005508,239.606300214332,281.834557059827,2018
"471","8362001","Rio Nicodahue En Pichun",181.971403031033,137.194760587879,195.096077805084,148.440168980479,173.295837107586,2018
"472","8362001","Rio Nicodahue En Pichun",107.037631051574,81.5331348812089,118.609332548349,85.4075904626631,101.064489012926,2018
"473","8362001","Rio Nicodahue En Pichun",59.2044765041571,53.1271427777585,66.9104307776054,44.2388278159766,54.595041000975,2018
"474","9116001","Rio Cholchol En Cholchol",673.207717233984,866.605934598396,800.357905486661,529.938842531128,673.662306861107,2018
"475","9116001","Rio Cholchol En Cholchol",673.207717233984,866.605934598396,813.053698877355,540.116750863438,666.686127503526,2018
"476","9116001","Rio Cholchol En Cholchol",673.207717233984,866.605934598396,807.287973300751,548.102295944994,677.966284953342,2018
"477","9116001","Rio Cholchol En Cholchol",673.207717233984,866.605934598396,772.228206971849,525.523370272389,646.667050101457,2018
"478","9116001","Rio Cholchol En Cholchol",673.207717233984,866.605934598396,713.423975060937,468.570971835301,595.114880980766,2018
"479","9116001","Rio Cholchol En Cholchol",418.002295651663,597.741512601867,475.977605502102,278.245072628278,372.297670715519,2018
"480","9116001","Rio Cholchol En Cholchol",253.518579457473,308.957756722658,287.784167797973,193.396454431409,243.971471168933,2018
"481","9116001","Rio Cholchol En Cholchol",156.909935672884,170.057782144352,177.426958077984,127.607968777422,153.511070648721,2018
"482","9116001","Rio Cholchol En Cholchol",91.6626472630282,104.002910661456,99.1847927652658,79.6740372428717,89.5051556499478,2018
"483","9116001","Rio Cholchol En Cholchol",53.583774668752,58.1340191299194,60.313078096275,48.9111533065964,54.6731890966537,2018
"484","9116001","Rio Cholchol En Cholchol",29.0739809234551,35.42517989647,32.2060696027954,24.738891365693,28.5983702852975,2018
"485","9122002","Rio Blanco En Curacautin",1614.57554962079,1747.92808447247,1944.87179353227,1318.34900557021,1634.99583225062,2018
"486","9122002","Rio Blanco En Curacautin",1614.57554962079,1747.92808447247,1903.67939380542,1273.02310710736,1614.31709941346,2018
"487","9122002","Rio Blanco En Curacautin",1614.57554962079,1747.92808447247,1875.94698887624,1277.7531654356,1561.0313727497,2018
"488","9122002","Rio Blanco En Curacautin",1614.57554962079,1747.92808447247,1904.18427069841,1321.1787531808,1606.96083544803,2018
"489","9122002","Rio Blanco En Curacautin",1614.57554962079,1747.92808447247,1787.49054733928,1189.06801553563,1471.24443979519,2018
"490","9122002","Rio Blanco En Curacautin",1202.93340743869,1425.01673015155,1398.79566722458,873.277031451196,1137.83683100413,2018
"491","9122002","Rio Blanco En Curacautin",820.27442374334,844.704025356329,959.983650578524,620.740170852105,787.992407619302,2018
"492","9122002","Rio Blanco En Curacautin",536.466478983343,475.143950450156,651.591806288603,437.472026087007,548.259024144636,2018
"493","9122002","Rio Blanco En Curacautin",320.745949710001,311.535792999022,400.919219183663,242.376551260228,321.847083019841,2018
"494","9122002","Rio Blanco En Curacautin",185.600151213981,189.37467435927,233.04358749657,137.975067699218,183.706720549934,2018
"495","9122002","Rio Blanco En Curacautin",89.0494107718024,123.095403408777,121.821751819289,71.5252438070588,97.398745789939,2018
"496","9123001","Rio Cautin En Rari-Ruca",2677.2815149503,2649.9094180902,3188.70112316075,2391.68871808904,2768.86830890371,2018
"497","9123001","Rio Cautin En Rari-Ruca",2677.2815149503,2649.9094180902,3096.29678463271,2257.38318283543,2714.74370261408,2018
"498","9123001","Rio Cautin En Rari-Ruca",2677.2815149503,2649.9094180902,3001.40789953892,2255.47041735032,2628.42467236419,2018
"499","9123001","Rio Cautin En Rari-Ruca",2677.2815149503,2649.9094180902,2976.42093901508,2224.7099099534,2584.75680865105,2018
"500","9123001","Rio Cautin En Rari-Ruca",2677.2815149503,2649.9094180902,2828.5686224334,2133.42261335911,2480.78732936687,2018
"501","9123001","Rio Cautin En Rari-Ruca",2076.90363725066,2193.16220154219,2311.68487100565,1631.5682795837,1959.0426865099,2018
"502","9123001","Rio Cautin En Rari-Ruca",1494.36646939786,1441.43333637161,1634.25092159557,1269.24558311765,1449.75953124082,2018
"503","9123001","Rio Cautin En Rari-Ruca",1030.43949354718,928.396427570621,1191.84424139379,903.643932326119,1044.96297140244,2018
"504","9123001","Rio Cautin En Rari-Ruca",641.337428662729,619.973035907147,710.120738280436,582.40024762353,645.063314743613,2018
"505","9123001","Rio Cautin En Rari-Ruca",375.797796073789,369.609355553485,418.884925410748,346.58179623925,380.283395111987,2018
"506","9123001","Rio Cautin En Rari-Ruca",197.732216894152,223.008112986452,218.212701438399,173.817175255739,195.693926591017,2018
"507","9140001","Rio Cautin En Almagro",1435.31878156336,1715.95383214536,1809.0182808149,1199.42511115215,1496.66180216482,2018
"508","9140001","Rio Cautin En Almagro",1435.31878156336,1715.95383214536,1735.19204540694,1175.31905838959,1454.72685221548,2018
"509","9140001","Rio Cautin En Almagro",1435.31878156336,1715.95383214536,1731.34339391472,1184.93941249894,1480.18182857065,2018
"510","9140001","Rio Cautin En Almagro",1435.31878156336,1715.95383214536,1717.34124996548,1204.76642100667,1453.46397395367,2018
"511","9140001","Rio Cautin En Almagro",1435.31878156336,1715.95383214536,1610.85547890911,1080.38090475435,1343.73527133839,2018
"512","9140001","Rio Cautin En Almagro",984.586400613069,1321.85636898446,1197.75050094157,724.539022801781,969.469691202855,2018
"513","9140001","Rio Cautin En Almagro",639.370115531203,759.72988261252,758.305282293985,498.012032698519,621.302039428244,2018
"514","9140001","Rio Cautin En Almagro",407.830195338531,471.039966707625,503.261488073883,324.867855054043,417.71574708061,2018
"515","9140001","Rio Cautin En Almagro",236.734067548946,334.577765429711,284.553615230726,191.170833245865,235.432098935455,2018
"516","9140001","Rio Cautin En Almagro",144.178073841401,205.895645020692,174.14474602962,116.102583358762,143.585192960177,2018
"517","9140001","Rio Cautin En Almagro",83.8659887038448,139.340622618149,104.816661887599,68.1667825617547,86.9604421348933,2018
"518","9404001","Rio Allipen En Los Laureles",3045.0757107294,3820.34587803747,3650.99677079011,2706.48501909794,3170.06554497769,2018
"519","9404001","Rio Allipen En Los Laureles",3045.0757107294,3820.34587803747,3477.88537765169,2555.64846691703,2979.52269995382,2018
"520","9404001","Rio Allipen En Los Laureles",3045.0757107294,3820.34587803747,3414.70646444937,2560.04500216778,2988.40960154855,2018
"521","9404001","Rio Allipen En Los Laureles",3045.0757107294,3820.34587803747,3380.92113972288,2520.83751915441,2942.13858266564,2018
"522","9404001","Rio Allipen En Los Laureles",3045.0757107294,3820.34587803747,3197.96659680249,2379.83979261754,2799.83060103689,2018
"523","9404001","Rio Allipen En Los Laureles",2397.74543154929,3194.66668925775,2631.3784396318,1902.48856803828,2280.47224310259,2018
"524","9404001","Rio Allipen En Los Laureles",1765.10364821844,2258.84848720214,1970.42666818182,1530.58052622918,1739.99742361651,2018
"525","9404001","Rio Allipen En Los Laureles",1258.96964150597,1557.7669346464,1445.81236473296,1116.18207022829,1276.4086537604,2018
"526","9404001","Rio Allipen En Los Laureles",807.876875656077,1052.61298754918,894.855141281263,725.926308915245,810.177802329429,2018
"527","9404001","Rio Allipen En Los Laureles",487.104715757557,602.442158907541,538.124495132241,439.640060591873,488.768624486628,2018
"528","9404001","Rio Allipen En Los Laureles",260.436792607405,343.699749762942,285.919208179218,229.358299425733,258.601296002532,2018
"529","9405001","Rio Curaco En Colico",3492.00287482533,4088.8980487788,4302.50316456165,2868.48868383728,3602.98963387076,2018
"530","9405001","Rio Curaco En Colico",3492.00287482533,4088.8980487788,4227.35172006968,2779.36649660938,3514.00313453282,2018
"531","9405001","Rio Curaco En Colico",3492.00287482533,4088.8980487788,4206.67315095119,2927.14575162473,3581.56948913423,2018
"532","9405001","Rio Curaco En Colico",3492.00287482533,4088.8980487788,4120.00736471025,2827.1728923834,3487.90102216317,2018
"533","9405001","Rio Curaco En Colico",3492.00287482533,4088.8980487788,3951.84603606121,2671.89646385355,3271.25834259367,2018
"534","9405001","Rio Curaco En Colico",2448.63818432788,3080.58563475553,3002.13432754351,1833.18926904754,2378.71906151036,2018
"535","9405001","Rio Curaco En Colico",1626.00483426008,1670.60985305991,1866.99078197367,1248.19753314972,1544.44721386939,2018
"536","9405001","Rio Curaco En Colico",1048.75774697472,923.43143151559,1289.52648091089,837.196258588543,1052.22768612591,2018
"537","9405001","Rio Curaco En Colico",560.955856387667,649.90573902087,681.446363221775,462.697851615501,564.31066336377,2018
"538","9405001","Rio Curaco En Colico",283.675047154068,263.863554556303,362.778961613964,215.125022895248,284.965888554326,2018
"539","9405001","Rio Curaco En Colico",144.913709952406,157.46722158203,197.14496341898,97.301756107685,144.279030501047,2018
"540","9416001","Rio Liucura En Liucura",3103.16324931888,3458.77014958625,3803.07666201376,2569.05606374497,3161.55668938848,2018
"541","9416001","Rio Liucura En Liucura",3103.16324931888,3458.77014958625,3617.66522239092,2507.54062769457,3080.50458653794,2018
"542","9416001","Rio Liucura En Liucura",3103.16324931888,3458.77014958625,3674.29127698258,2602.03351783804,3113.91723229049,2018
"543","9416001","Rio Liucura En Liucura",3103.16324931888,3458.77014958625,3646.49298479316,2604.00131174218,3157.06305031719,2018
"544","9416001","Rio Liucura En Liucura",3103.16324931888,3458.77014958625,3579.21064177498,2525.09907491104,3048.86959972989,2018
"545","9416001","Rio Liucura En Liucura",2336.76352459355,2728.54047895722,2721.21984055509,1742.9255946829,2236.85597801824,2018
"546","9416001","Rio Liucura En Liucura",1587.23954389749,1656.151504866,1795.29866612103,1267.55532213705,1526.67209896913,2018
"547","9416001","Rio Liucura En Liucura",1016.68100917312,939.081051193773,1222.4570479639,847.235692112132,1033.54535017821,2018
"548","9416001","Rio Liucura En Liucura",582.150602465484,582.61843068013,700.265152340907,508.437834578911,601.996529701498,2018
"549","9416001","Rio Liucura En Liucura",324.742455385302,290.167903515421,395.879415928265,274.920748185727,334.99256790592,2018
"550","9416001","Rio Liucura En Liucura",170.237175727918,169.466498041093,203.206283466203,132.832084459934,166.852093142356,2018
"551","9420001","Rio Tolten En Villarica",3468.13139615094,3897.17431604942,4090.46783863731,3070.96995540248,3556.44865376781,2018
"552","9420001","Rio Tolten En Villarica",3468.13139615094,3897.17431604942,3941.92398918677,3000.62189087237,3471.00080944774,2018
"553","9420001","Rio Tolten En Villarica",3468.13139615094,3897.17431604942,3840.35819948033,2993.51770289561,3432.12408398845,2018
"554","9420001","Rio Tolten En Villarica",3468.13139615094,3897.17431604942,3761.89084359176,2935.80934444021,3370.9950495074,2018
"555","9420001","Rio Tolten En Villarica",3468.13139615094,3897.17431604942,3660.8063067642,2826.7378792329,3280.38137118861,2018
"556","9420001","Rio Tolten En Villarica",2703.65955531193,3162.34457057911,2993.86465546949,2204.0045824397,2585.42108825266,2018
"557","9420001","Rio Tolten En Villarica",1994.07652948616,2266.39580778181,2212.1339249588,1724.1876360311,1964.82844743375,2018
"558","9420001","Rio Tolten En Villarica",1398.30352408533,1534.92493503128,1594.79204029599,1274.93008021784,1436.50252729254,2018
"559","9420001","Rio Tolten En Villarica",879.327945479093,998.959282071942,970.756542889268,810.421955963383,886.8268698363,2018
"560","9420001","Rio Tolten En Villarica",505.677901523486,561.002993020116,547.108917109055,464.766719155881,506.057528441333,2018
"561","9420001","Rio Tolten En Villarica",263.094610241095,309.850919199491,284.569997132059,233.380095260066,259.169368325323,2018
"562","9434001","Rio Donguil En Gorbea",1162.08749916272,1891.75066765972,1478.68431963269,967.208525245114,1226.62308974428,2018
"563","9434001","Rio Donguil En Gorbea",1162.08749916272,1891.75066765972,1428.41282768036,892.983494261795,1153.87292646021,2018
"564","9434001","Rio Donguil En Gorbea",1162.08749916272,1891.75066765972,1413.48104594828,897.958685238188,1153.31737958365,2018
"565","9434001","Rio Donguil En Gorbea",1162.08749916272,1891.75066765972,1401.66283860673,906.442723230811,1143.42211873742,2018
"566","9434001","Rio Donguil En Gorbea",1162.08749916272,1891.75066765972,1358.18615073317,873.291716056583,1114.44932382374,2018
"567","9434001","Rio Donguil En Gorbea",709.276904519334,1195.58232989797,904.929327858538,455.67856174891,681.558089671844,2018
"568","9434001","Rio Donguil En Gorbea",401.484055072116,605.995130205541,514.122678385391,304.499836835166,406.448228310398,2018
"569","9434001","Rio Donguil En Gorbea",223.989754474304,266.202835959493,300.757303012723,161.644078893756,233.18523403963,2018
"570","9434001","Rio Donguil En Gorbea",109.918876384519,131.867387263063,136.115471617539,85.2679219816733,109.447856475073,2018
"571","9434001","Rio Donguil En Gorbea",55.0092829800952,49.596958832165,71.1656402443937,46.7046912028528,59.7281340142698,2018
"572","9434001","Rio Donguil En Gorbea",28.4238536337179,28.362888996016,33.963595199847,20.087961930257,26.63428068583,2018
"573","9436001","Rio Mahuidanche En Santa Ana",1480.74542287189,1746.74633024706,1803.73480375235,1154.8796751229,1475.37438793473,2018
"574","9436001","Rio Mahuidanche En Santa Ana",1480.74542287189,1746.74633024706,1795.09904234933,1179.74873529185,1492.49567171607,2018
"575","9436001","Rio Mahuidanche En Santa Ana",1480.74542287189,1746.74633024706,1777.99369642218,1213.28520832805,1496.98283117238,2018
"576","9436001","Rio Mahuidanche En Santa Ana",1480.74542287189,1746.74633024706,1735.87190610488,1181.37005540357,1449.88000829662,2018
"577","9436001","Rio Mahuidanche En Santa Ana",1480.74542287189,1746.74633024706,1732.34613864883,1191.98694533269,1460.42937102095,2018
"578","9436001","Rio Mahuidanche En Santa Ana",1019.38532815163,1311.84856991694,1209.7339302894,765.670419197157,985.854873079927,2018
"579","9436001","Rio Mahuidanche En Santa Ana",655.854161508662,766.650856954453,786.221623221456,528.169591849806,648.79412847263,2018
"580","9436001","Rio Mahuidanche En Santa Ana",429.999851880643,473.567710986495,527.063096581003,357.119995458605,441.955217310406,2018
"581","9436001","Rio Mahuidanche En Santa Ana",257.654285114327,337.426343105181,304.494119557458,219.048890602606,262.777611810174,2018
"582","9436001","Rio Mahuidanche En Santa Ana",151.346619996507,225.731181324055,179.491651355341,119.985099115721,150.520693830353,2018
"583","9436001","Rio Mahuidanche En Santa Ana",84.2887077702883,160.709860925297,102.517995587833,64.4102802733905,83.6740541467397,2018
"584","9437002","Rio Tolten En Teodoro Schmidt",2671.27782862647,2917.82945288192,3183.62840252919,2333.74319869144,2739.41701429966,2018
"585","9437002","Rio Tolten En Teodoro Schmidt",2671.27782862647,2917.82945288192,3166.30800994612,2181.51307984826,2678.64161993978,2018
"586","9437002","Rio Tolten En Teodoro Schmidt",2671.27782862647,2917.82945288192,3047.24329928462,2231.35158399347,2654.70317846273,2018
"587","9437002","Rio Tolten En Teodoro Schmidt",2671.27782862647,2917.82945288192,2945.50549183766,2217.08087728355,2568.78557086596,2018
"588","9437002","Rio Tolten En Teodoro Schmidt",2671.27782862647,2917.82945288192,2967.0521596976,2132.77171880742,2553.52938871173,2018
"589","9437002","Rio Tolten En Teodoro Schmidt",2020.51615751417,2272.07503180099,2253.45117917343,1563.0910856684,1927.51533231893,2018
"590","9437002","Rio Tolten En Teodoro Schmidt",1448.17024784314,1515.60882111351,1641.7181445056,1210.95658332073,1417.2023182547,2018
"591","9437002","Rio Tolten En Teodoro Schmidt",1005.60491018534,1000.29357237063,1146.36868237725,865.449562999326,1006.87494780201,2018
"592","9437002","Rio Tolten En Teodoro Schmidt",625.741622359047,654.11510963783,692.701973490545,571.567054691678,630.215674518557,2018
"593","9437002","Rio Tolten En Teodoro Schmidt",363.706143330318,370.557055284344,391.849885717879,334.717550107054,362.566908033711,2018
"594","9437002","Rio Tolten En Teodoro Schmidt",192.117394629296,217.171663372345,204.787236069284,176.018366379927,190.218057530845,2018
"595","10134001","Rio Cruces En Rucaco",1322.0723217331,1807.00770625675,1705.36196078791,1119.62258068572,1401.50784937698,2018
"596","10134001","Rio Cruces En Rucaco",1322.0723217331,1807.00770625675,1601.30615734586,1028.57431204727,1320.10784969315,2018
"597","10134001","Rio Cruces En Rucaco",1322.0723217331,1807.00770625675,1583.86863375342,1025.52477966344,1293.13283365697,2018
"598","10134001","Rio Cruces En Rucaco",1322.0723217331,1807.00770625675,1532.92876614475,1001.87147011032,1290.59212541124,2018
"599","10134001","Rio Cruces En Rucaco",1322.0723217331,1807.00770625675,1542.44822218949,1017.74586198222,1286.29007166581,2018
"600","10134001","Rio Cruces En Rucaco",861.184567766018,1207.64215579001,1055.16666266879,596.042755180302,827.614959604665,2018
"601","10134001","Rio Cruces En Rucaco",538.340595114342,690.473404430851,654.858945046802,414.757370589122,532.135515104059,2018
"602","10134001","Rio Cruces En Rucaco",334.353675211292,406.581061471819,415.877474636528,264.454732181963,346.850211163281,2018
"603","10134001","Rio Cruces En Rucaco",188.824688284953,275.661688842785,223.247834880167,152.923021972749,188.614983457841,2018
"604","10134001","Rio Cruces En Rucaco",105.91287911714,169.763090606179,123.632531162567,85.8518350447702,106.236494285607,2018
"605","10134001","Rio Cruces En Rucaco",57.5326687964959,120.726199274705,71.2240652447877,44.0547659013768,56.7327398129665,2018
"606","10137001","Rio Inaque En Mafil",1066.86639407723,1410.37338422084,1378.01681862228,847.758060148544,1126.51735056334,2018
"607","10137001","Rio Inaque En Mafil",1066.86639407723,1410.37338422084,1316.84111512868,778.528041482635,1046.29206264383,2018
"608","10137001","Rio Inaque En Mafil",1066.86639407723,1410.37338422084,1322.19386776367,826.011515803298,1076.57493626413,2018
"609","10137001","Rio Inaque En Mafil",1066.86639407723,1410.37338422084,1275.76082108135,760.695769004836,1037.81920855199,2018
"610","10137001","Rio Inaque En Mafil",1066.86639407723,1410.37338422084,1312.55304206086,813.915281109375,1059.10617459547,2018
"611","10137001","Rio Inaque En Mafil",711.93975539274,870.449602571564,872.047708631878,443.149696911739,659.68445073357,2018
"612","10137001","Rio Inaque En Mafil",460.039912733282,495.095786260145,551.351459915353,334.328832079359,438.275991990831,2018
"613","10137001","Rio Inaque En Mafil",303.535901118239,320.453670339573,386.4992266786,245.197048800303,315.362529279177,2018
"614","10137001","Rio Inaque En Mafil",183.82537383115,221.617368604586,222.167299854839,155.053915046794,186.896398414483,2018
"615","10137001","Rio Inaque En Mafil",106.339723998959,135.997024849541,127.377423654254,90.2188283953392,107.753979326956,2018
"616","10137001","Rio Inaque En Mafil",57.6032123478629,91.7044933513988,68.3234423816267,44.6484304473473,56.4482471999792,2018
"617","10304001","Rio Calcurrupe En Desembocadura",4152.63862894269,4259.22153549263,4905.62288258283,3562.00703682107,4196.49998287553,2018
"618","10304001","Rio Calcurrupe En Desembocadura",4152.63862894269,4259.22153549263,4711.56227427825,3448.30953649404,4059.15518037373,2018
"619","10304001","Rio Calcurrupe En Desembocadura",4152.63862894269,4259.22153549263,4714.39825523806,3627.07240169352,4163.9693864823,2018
"620","10304001","Rio Calcurrupe En Desembocadura",4152.63862894269,4259.22153549263,4688.26926718363,3519.26597100607,4110.76432872047,2018
"621","10304001","Rio Calcurrupe En Desembocadura",4152.63862894269,4259.22153549263,4655.48387049268,3494.097932583,4087.33900324751,2018
"622","10304001","Rio Calcurrupe En Desembocadura",3327.03278209004,3477.65142909062,3798.35409098629,2672.91394665107,3231.58901059191,2018
"623","10304001","Rio Calcurrupe En Desembocadura",2509.41414597115,2445.4286881998,2813.23045969227,2113.44007297754,2450.75299667569,2018
"624","10304001","Rio Calcurrupe En Desembocadura",1777.54903828369,1559.10916958729,2091.51913006299,1523.55384336999,1797.6128245478,2018
"625","10304001","Rio Calcurrupe En Desembocadura",1100.41920039154,996.55974441277,1271.74086549003,947.556549374952,1111.62752973651,2018
"626","10304001","Rio Calcurrupe En Desembocadura",649.646163228354,617.471527478726,767.256055054884,539.83951056956,652.436366971323,2018
"627","10304001","Rio Calcurrupe En Desembocadura",355.628340887716,407.485280240725,444.482952428598,275.712945217598,357.771968521094,2018
"628","10356001","Rio Negro En Chahuilco",714.152707053759,838.420647721038,898.946051571691,557.058699251933,728.359318132435,2018
"629","10356001","Rio Negro En Chahuilco",714.152707053759,838.420647721038,867.675696267941,553.63359964985,698.762628151861,2018
"630","10356001","Rio Negro En Chahuilco",714.152707053759,838.420647721038,889.747261805974,539.385289508739,717.483707766984,2018
"631","10356001","Rio Negro En Chahuilco",714.152707053759,838.420647721038,864.896189167964,538.789078069211,686.143007243784,2018
"632","10356001","Rio Negro En Chahuilco",714.152707053759,838.420647721038,865.186981950512,537.121306385356,694.068295637419,2018
"633","10356001","Rio Negro En Chahuilco",434.920021696299,488.970161768818,553.83527722923,272.840292946899,418.368351381592,2018
"634","10356001","Rio Negro En Chahuilco",250.015511433503,241.906811563772,308.472748701263,169.471559189981,241.39689097496,2018
"635","10356001","Rio Negro En Chahuilco",152.468892229015,119.742073045744,198.323173614053,107.216240216081,153.098303268077,2018
"636","10356001","Rio Negro En Chahuilco",93.563211462329,79.357635211168,121.954443611313,65.3644906767593,94.7327775175833,2018
"637","10356001","Rio Negro En Chahuilco",57.0754938851662,50.766541403389,87.386678536019,43.3460317655099,65.2897614657068,2018
"638","10356001","Rio Negro En Chahuilco",33.4726739409312,37.1402023801398,51.4342141376646,24.0453466700546,38.5763246648245,2018
"639","10364001","Rio Rahue En Forrahue",1528.80764442495,1685.6591799083,1875.81076994087,1222.28578362655,1531.70994257986,2018
"640","10364001","Rio Rahue En Forrahue",1528.80764442495,1685.6591799083,1844.81070617161,1239.73496332003,1562.80863302368,2018
"641","10364001","Rio Rahue En Forrahue",1528.80764442495,1685.6591799083,1865.59416661852,1227.86444000588,1537.01325240867,2018
"642","10364001","Rio Rahue En Forrahue",1528.80764442495,1685.6591799083,1845.36878345606,1219.10234676392,1529.60067410052,2018
"643","10364001","Rio Rahue En Forrahue",1528.80764442495,1685.6591799083,1870.90691921154,1250.2370830139,1551.78001753969,2018
"644","10364001","Rio Rahue En Forrahue",1114.13437234424,1288.35335262874,1365.06426956916,780.256966926466,1079.95019634373,2018
"645","10364001","Rio Rahue En Forrahue",784.668256031386,820.007240306344,983.978733878953,585.94832540751,774.825117780873,2018
"646","10364001","Rio Rahue En Forrahue",560.379834755069,543.647133567566,705.597314944022,400.829233699728,570.498641540806,2018
"647","10364001","Rio Rahue En Forrahue",356.815165519832,371.902368414203,456.206574413552,268.348997275276,365.096483443162,2018
"648","10364001","Rio Rahue En Forrahue",209.589412981925,249.452837725068,264.305141184663,169.343796527787,218.677675232116,2018
"649","10364001","Rio Rahue En Forrahue",115.766771028796,163.877322106598,150.369008151218,88.207550897267,120.171610061381,2018
